<?xml version="1.0" encoding="utf-8"?>
<!DOCTYPE install PUBLIC "-//Joomla! 1.6//DTD template 1.0//EN" "http://www.joomla.org/xml/dtd/1.6/template-install.dtd">
<!--
 @author      Otto Szekeres
 @package     Joomla!
 @subpackage  Template responsiveO
 @link        https://joomega.com
 @email       info@joomega.com
 @copyright   Otto Szekeres

 Template ResponsiveO Joomla 3.3
 Copyright (C) 2015 - 2017 Otto Szekeres
 
-->

<extension version="3.1" type="template" method="upgrade" client="site">
    
    <name>responsiveO</name>
    <creationDate>12/12/2017</creationDate>
    <author>Otto Szekeres</author>
    <authorEmail>info@joomega.com</authorEmail>
    <authorUrl>http://www.joomega.com</authorUrl>
    <version>2.2.0</version>
    <description><![CDATA[
    <link rel="stylesheet" href="../templates/responsiveo/theme/css/admin.css" type="text/css" />
    <div class="jmg-admin-panel">
		<div class="jmg-admin-row">
			<div class="jmg-admin-col-3">
				<a href="https://joomega.com/en/joomla-templates/8-jmg-responsiveo" target="_blank">
				<img src="../templates/responsiveo/images/JMG-Responsiveo.jpg" alt="JMG Responsiveo">
				</a>
			</div>
			<div class="jmg-admin-col-9">
				<fieldset>
				<legend>JMG Template ResponsiveO</legend>
 				<p><i>Version 2.2.0</i></p>
				<p>ResponsiveO is a beautiful minimalist template for Joomla. Light weight and feature packed, it refines the flat design trend.</p>
				 <p>&copy;&nbsp;2012-2017&nbsp;Joomla! dewelopment&nbsp;<a href="http://www.joomega.com" target="_blank">Otto Szekeres</a></p>
			   </fieldset>
			   <fieldset>
				<legend>If you like our template</legend>
				<p>Write a review on the JED or like us on Facebook to support us and boost our motivation. Help us to make this module even better, make a suggestion.</p>
				<p><a class="btn btn-success" href="https://extensions.joomla.org/extensions/extension/photos-a-images/images/jmg-img-hover/" target="_blank">Write your review on JED</a> 
				<a class="btn btn-primary" href="https://www.facebook.com/Joomla.Module/" target="_blank">Like us on Facebook</a>
				<a class="btn" href="https://joomega.com/en/your-suggestion-jmg-img-hover" target="_blank">Get in touch with our team</a></p
				</fieldset>
		   </div>
	   </div>
   </div>
    ]]>   
    </description>
    
    <files>
        <folder>css</folder>
		<folder>js</folder>
        <folder>images</folder>
		<folder>html</folder>
		<folder>bootstrap</folder>
        <folder>container</folder>
        <folder>position</folder>
        <folder>field</folder>
        <folder>theme</folder>
        <folder>language</folder>
        <filename>index.php</filename>
        <filename>templateDetails.xml</filename>
        <filename>template_thumbnail.png</filename>
		<filename>template_preview.png</filename>
		<filename>favicon.ico</filename>
    </files>
    
    <positions>
        <position>mainmenu</position>
		<position>footer1</position>
		<position>footer2</position>
		<position>footer3</position>
		<position>footer4</position>
		<position>language</position>
		<position>logo</position>
		<position>phone</position>
		<position>banner</position>
		<position>custom</position>
		<position>bottom1</position>
		<position>bottom2</position>
		<position>bottom3</position>
		<position>bottom4</position>
		<position>top1</position>
		<position>top2</position>
		<position>top3</position>
		<position>top4</position>
		<position>slider</position>
		<position>headline</position>
		<position>sidebarleft</position>
		<position>sidebarright</position>
    </positions>
	
	<languages folder="language">
		<language tag="de-DE">de-DE/de-DE.tpl_responsiveo.ini</language>
		<language tag="de-DE">de-DE/de-DE.tpl_responsiveo.sys.ini</language>
		<language tag="en-GB">en-GB/en-GB.tpl_responsiveo.ini</language>
		<language tag="en-GB">en-GB/en-GB.tpl_responsiveo.sys.ini</language>
	</languages>
	
	<config>
		<fields name="params">
			<fieldset name="tpl_responsiveo_bootstrap_settings" label="TPL_RESPONSIVEO_BOOTSTRAP_SETTINGS">		
					 
				<field
					name="tpl_responsiveo_bootstrap_default_load"
					type="radio"
					label="TPL_RESPONSIVEO_BOOTSTRAP_DEFAULT_LOAD"
					description="TPL_RESPONSIVEO_BOOTSTRAP_DEFAULT_LOAD"
					class="btn-group btn-group-yesno"
					default="1"
					>
					<option value="1">JYES</option>
					<option value="0">JNO</option>
				</field>
				
				<field
					name="tpl_responsiveo_onepager"
					type="radio"
					label="TPL_RESPONSIVEO_ONEPAGER"
					description="TPL_RESPONSIVEO_ONEPAGER"
					class="btn-group btn-group-yesno"
					default="0"
					>
					<option value="1">JYES</option>
					<option value="0">JNO</option>
				</field>
				
				<field name="tpl_responsiveo_container_width" 
					type="subform" 
					icon="list"
					formsource="templates/responsiveo/field/devices.xml" 
					class="advancedSelect" 
					min="1" 
					max="1" 
					multiple="false" 
					layout="joomla.form.field.subform.repeatable-table" 
					groupByFieldset="false" 
					label="TPL_RESPONSIVEO_CONTAINER_WIDTH"
					description="TPL_RESPONSIVEO_CONTAINER_WIDTH" 
				/>
				
				<field name="tpl_responsiveo_body_color" 
					type="color" 
					default="#ffffff" 
					label="TPL_RESPONSIVEO_BGCOLOR" 
					description="TPL_RESPONSIVEO_BGCOLOR" 
				/>
				
				<field name="tpl_responsiveo_body_bgmedia"
					type="radio"
					default="none"
					class="btn-group"
					label="TPL_RESPONSIVEO_BGMEDIA"
					description="TPL_RESPONSIVEO_BGMEDIA_DESC">
					<option value="none">TPL_RESPONSIVEO_BGMEDIA_NONE</option>
					<option value="image">TPL_RESPONSIVEO_BGMEDIA_IMAGE</option>
					<option value="gradient">TPL_RESPONSIVEO_BGMEDIA_GRADIENT</option>
				</field>
				
				<field name="tpl_responsiveo_body_bgmedia_image" 
					type="media" 
					default="" 
					label="TPL_RESPONSIVEO_BGMEDIA_IMAGE"
					showon="tpl_responsiveo_body_bgmedia:image"
					description="TPL_RESPONSIVEO_BGMEDIA_IMAGE_DESC" 
					size="30" 
				/>
				
				<field name="tpl_responsiveo_body_bgmedia_image_repeat"
					type="radio"
					default="no-repeat"
					class="btn-group"
					label="TPL_RESPONSIVEO_BGMEDIA_REPEAT"
					showon="tpl_responsiveo_body_bgmedia:image"
					description="TPL_RESPONSIVEO_BGMEDIA_REPEAT">
					<option value="no-repeat">TPL_RESPONSIVEO_BGMEDIA_IMAGE_NOREPEAT</option>
					<option value="repeat">TPL_RESPONSIVEO_BGMEDIA_IMAGE_REPEAT</option>
					<option value="repeat-x">TPL_RESPONSIVEO_BGMEDIA_IMAGE_REPEATX</option>
					<option value="repeat-y">TPL_RESPONSIVEO_BGMEDIA_IMAGE_REPEATY</option>
				</field>
				
				<field name="tpl_responsiveo_body_bgmedia_image_size"
					type="radio"
					default="auto"
					class="btn-group"
					label="TPL_RESPONSIVEO_BGMEDIA_IMAGE_SIZE"
					showon="tpl_responsiveo_body_bgmedia:image"
					description="TPL_RESPONSIVEO_BGMEDIA_IMAGE_SIZE">
					<option value="auto">TPL_RESPONSIVEO_BGMEDIA_IMAGE_AUTO</option>
					<option value="cover">TPL_RESPONSIVEO_BGMEDIA_IMAGE_COVER</option>
					<option value="contain">TPL_RESPONSIVEO_BGMEDIA_IMAGE_CONTAIN</option>
				</field>
				
				<field name="tpl_responsiveo_body_bgmedia_gradient" 
					type="radiogradient" 
					default="1" 
					label="TPL_RESPONSIVEO_BGMEDIA_GRADIENT"
					showon="tpl_responsiveo_body_bgmedia:gradient"
					description="TPL_RESPONSIVEO_BGMEDIA_GRADIENT_DESC" 
				/>
				
				<field name="tpl_responsiveo_default_font_family" 
					type="list" 
					default="Arial, Helvetica, sans-serif" 
					label="TPL_RESPONSIVEO_DEFAULT_FONT_FAMILY" 
					description="TPL_RESPONSIVEO_DEFAULT_FONT_FAMILY">
					<option value="Arial, Helvetica, sans-serif">Arial, Helvetica, sans-serif</option>
					<option value="Courier New, Courier, monospace">"Courier New", Courier, monospace</option>
					<option value="Verdana, Geneva, sans-serif">Verdana, Geneva, sans-serif</option>
				</field>
				
				<field name="tpl_responsiveo_font_color" 
					type="color" 
					default="#000000" 
					label="TPL_RESPONSIVEO_FONT_COLOR" 
					description="TPL_RESPONSIVEO_FONT_COLOR" 
				/>
				
				<field name="tpl_responsiveo_font_size" 
					type="textpx" 
					default="14" 
					label="TPL_RESPONSIVEO_FONT_SIZE"
					description="TPL_RESPONSIVEO_FONT_SIZE" 
				/>
				
				<field name="tpl_responsiveo_line_height" 
					type="textpx" 
					default="16" 
					label="TPL_RESPONSIVEO_LINE_HEIGHT"
					description="TPL_RESPONSIVEO_LINE_HEIGHT" 
				/>
				
				<field
					name="tpl_responsiveo_google_fonts_load"
					type="radio"
					label="TPL_RESPONSIVEO_GOOGLE_FONTS_LOAD"
					description="TPL_RESPONSIVEO_GOOGLE_FONTS_LOAD"
					class="btn-group btn-group-yesno"
					default="1"
					>
					<option value="1">JYES</option>
					<option value="0">JNO</option>
				</field>
				
				<field name="tpl_responsiveo_google_fonts_url" 
					type="url"
					class="input-xxlarge"
					default="https://fonts.googleapis.com/css?family=Kavivanar" 
					label="TPL_RESPONSIVEO_GOOGLE_FONTS_URL"
					showon="tpl_responsiveo_google_fonts_load:1"
					description="TPL_RESPONSIVEO_GOOGLE_FONTS_URL" 
				/>
				
				<field name="tpl_responsiveo_heading_font_family"
                	type="text"
                	default="'Kavivanar', cursive"
					label="TPL_RESPONSIVEO_HEADING_FONT_FAMILY"
					showon="tpl_responsiveo_google_fonts_load:1"
					description="TPL_RESPONSIVEO_HEADING_FONT_FAMILY"
               		filter="string"
                />
                
                <field name="tpl_responsiveo_heading_font_color" 
					type="color" 
					default="#260FB2" 
					label="TPL_RESPONSIVEO_HEADING_FONT_COLOR" 
					description="TPL_RESPONSIVEO_HEADING_FONT_COLOR" 
				/>
                
                <field name="tpl_responsiveo_h1_font_size" 
					type="textem" 
					default="3.5" 
					label="TPL_RESPONSIVEO_H1_FONT_SIZE"
					description="TPL_RESPONSIVEO_H1_FONT_SIZE" 
				/>
				
				<field name="tpl_responsiveo_h2_font_size" 
					type="textem" 
					default="2.5" 
					label="TPL_RESPONSIVEO_H2_FONT_SIZE"
					description="TPL_RESPONSIVEO_H2_FONT_SIZE" 
				/>
				
				<field name="tpl_responsiveo_h3_font_size" 
					type="textem" 
					default="1.8" 
					label="TPL_RESPONSIVEO_H3_FONT_SIZE"
					description="TPL_RESPONSIVEO_H3_FONT_SIZE" 
				/>
				
				<field name="tpl_responsiveo_h4_font_size" 
					type="textem" 
					default="1.5" 
					label="TPL_RESPONSIVEO_H4_FONT_SIZE"
					description="TPL_RESPONSIVEO_H4_FONT_SIZE" 
				/>
				
				<field name="tpl_responsiveo_menu_font_size" 
					type="textem" 
					default="1.0" 
					label="TPL_RESPONSIVEO_MENU_FONT_SIZE"
					description="TPL_RESPONSIVEO_MENU_FONT_SIZE" 
				/>
					
         	</fieldset>
         	
         	<fieldset name="INFOBAR" label="TPL_RESPONSIVEO_INFOBAR">
         	
         		<field
					name="tpl_responsiveo_show_infobar"
					type="radio"
					label="TPL_RESPONSIVEO_SHOW_INFOBAR"
					description="TPL_RESPONSIVEO_SHOW_INFOBAR"
					class="btn-group btn-group-yesno"
					default="1"
					>
					<option value="1">JYES</option>
					<option value="0">JNO</option>
				</field>
       	
       			<field name="tpl_responsiveo_infobar_bgcolor" 
					type="color" 
					format="rgba"
					default="#EEEEEE"
					opacity="1"
					label="TPL_RESPONSIVEO_BGCOLOR"
					description="TPL_RESPONSIVEO_BGCOLOR"
				/>
        	
        		<field
					name="tpl_responsiveo_infobar_container"
					type="radio"
					label="TPL_RESPONSIVEO_CONTAINER"
					description="TPL_RESPONSIVEO_CONTAINER"
					class="btn-group"
					default="container"
					>
					<option value="container-fluid">TPL_RESPONSIVEO_CONTAINER_FLUID</option>
					<option value="container">TPL_RESPONSIVEO_CONTAINER_CONTAINER</option>
				</field>
        	
        		<field name="tpl_responsiveo_infobar_phone"
                	type="text"
                	default=""
					label="TPL_RESPONSIVEO_INFOBAR_PHONE"
					description="TPL_RESPONSIVEO_INFOBAR_PHONE"
               		filter="string"
                />
                
                <field name="tpl_responsiveo_infobar_mail"
                	type="text"
                	default=""
					label="TPL_RESPONSIVEO_INFOBAR_MAIL"
					description="TPL_RESPONSIVEO_INFOBAR_MAIL"
               		filter="string"
                />
         	
         	</fieldset>
         	
			<fieldset name="LOGO" label="TPL_RESPONSIVEO_LOGO">
			
				<field
					name="tpl_responsiveo_logo_use_svg"
					type="radio"
					label="TPL_RESPONSIVEO_LOGO_USE_SVG"
					description="TPL_RESPONSIVEO_LOGO_USE_SVG"
					class="btn-group btn-group-yesno"
					default="1"
					>
					<option value="1">JYES</option>
					<option value="0">JNO</option>
				</field>	
					 
				<field name="tpl_responsiveo_logo_img"
                	type="media"
					showon="tpl_responsiveo_logo_use_svg:0"
                	default=""
					label="TPL_RESPONSIVEO_LOGO_IMG"
					description="TPL_RESPONSIVEO_LOGO_IMG"
                	filter="string"
               	/>
				
				<field name="tpl_responsiveo_svg_logo_path"
                	type="text"
					showon="tpl_responsiveo_logo_use_svg:1"
                	default=""
					label="TPL_RESPONSIVEO_SVG_LOGO_PATH"
					description="TPL_RESPONSIVEO_SVG_LOGO_PATH"
               		filter="string"
                />
					 
				<field name="logo_width"
                	type="text"
                	default="auto"
					label="Logo Breite"
					description="Hier eingeben"
               		filter="string"
                />
					 
				<field name="logo_height"
                	type="text"
                	default="auto"
					label="Logo Höhe"
					description="Hier eingeben"
               		filter="string"
                />
	
         	</fieldset>
         	
         	<fieldset name="MENU" label="TPL_RESPONSIVEO_MENU">
         		
         		<field name="tpl_responsiveo_main_menu_level" 
					type="radiomenulevel" 
					default="main_menu" 
					label="TPL_RESPONSIVEO_MENU_LEVEL"
					description="TPL_RESPONSIVEO_MENU_LEVEL_DESC" 
				/>
         	
         		<field name="tpl_responsiveo_main_menu_collapse" 
					type="subform" 
					icon="list"
					formsource="templates/responsiveo/field/devicesyesno.xml" 
					class="advancedSelect" 
					min="1" 
					max="1" 
					multiple="false" 
					layout="joomla.form.field.subform.repeatable-table" 
					groupByFieldset="false" 
					label="TPL_RESPONSIVEO_MENU_COLLAPSE"
					showon="tpl_responsiveo_main_menu_level:main_menu"
					description="TPL_RESPONSIVEO_MENU_COLLAPSE" 
				/>
       	
       			<field name="tpl_responsiveo_main_menu_module"
					type="radio"
					default="mod_menu"
					class="btn-group"
					label="TPL_RESPONSIVEO_MENU_MODULE"
					showon="tpl_responsiveo_main_menu_level:main_menu"
					description="TPL_RESPONSIVEO_MENU_MODULE">
					<option value="mod_menu">TPL_RESPONSIVEO_MENU_MODULE_MOD_MENU</option>
					<option value="mod_jmg_menu">TPL_RESPONSIVEO_MENU_MODULE_MOD_JMG_MENU</option>
					<option value="mod">TPL_RESPONSIVEO_MENU_MODULE_MOD</option>
				</field>
        	
        		<field name="tpl_responsiveo_main_menu_style" 
					type="radiomenustyle" 
					default="jmg-menustyle-2" 
					label="TPL_RESPONSIVEO_MENU_STYLE"
					showon="tpl_responsiveo_main_menu_level:main_menu[AND]tpl_responsiveo_main_menu_module:mod_menu"
					description="TPL_RESPONSIVEO_MENU_STYLE_DESC" 
				/>
        	
        		<field name="tpl_responsiveo_main_menu_padding" 
					type="subform" 
					icon="list"
					formsource="templates/responsiveo/field/padding.xml" 
					class="advancedSelect" 
					min="1" 
					max="1" 
					multiple="false" 
					layout="joomla.form.field.subform.repeatable-table" 
					groupByFieldset="false" 
					label="TPL_RESPONSIVEO_PADDING"
					showon="tpl_responsiveo_main_menu_level:main_menu[AND]tpl_responsiveo_main_menu_module:mod_menu"
					description="TPL_RESPONSIVEO_PADDING" 
				/>
        	
        		<field name="tpl_responsiveo_main_menu_hover_bgcolor" 
					type="color" 
					format="rgba"
					default="#009FD9"
					opacity="1"
					label="TPL_RESPONSIVEO_HOVER_BGCOLOR"
					showon="tpl_responsiveo_main_menu_level:main_menu[AND]tpl_responsiveo_main_menu_module:mod_menu[AND]tpl_responsiveo_main_menu_style:jmg-menustyle-1"
					description="TPL_RESPONSIVEO_HOVER_BGCOLOR"
				/>
         	
         	</fieldset>
         	
         	<fieldset name="HEADER" label="TPL_RESPONSIVEO_HEADER">
         	
         		<field name="tpl_responsiveo_header_section_name" 
					type="subform" 
					icon="list"
					formsource="templates/responsiveo/field/sectionname.xml" 
					class="advancedSelect" 
					min="1" 
					max="50" 
					multiple="true" 
					layout="joomla.form.field.subform.repeatable-table" 
					groupByFieldset="false" 
					label="TPL_RESPONSIVEO_SECTION_NAME"
					showon="tpl_responsiveo_onepager:1"
					description="TPL_RESPONSIVEO_SECTION_NAME_DESC" 
				/>
         	
         		<field
					name="tpl_responsiveo_header_grid_expand"
					type="radio"
					label="TPL_RESPONSIVEO_GRID_EXPAND"
					description="TPL_RESPONSIVEO_GRID_EXPAND"
					class="btn-group btn-group-yesno"
					default="0"
					>
					<option value="1">JYES</option>
					<option value="0">JNO</option>
				</field>
		
				<field name="tpl_responsiveo_header_grid" 
					type="radiogrid" 
					default="4_8" 
					label="TPL_RESPONSIVEO_GRID"
					showon="tpl_responsiveo_header_grid_expand:0"
					description="TPL_RESPONSIVEO_GRID_DESC" 
				/>
				
				<field name="tpl_responsiveo_header_grid_expanded" 
					type="radiogridx" 
					default="4_8" 
					label="TPL_RESPONSIVEO_GRID"
					showon="tpl_responsiveo_header_grid_expand:1"
					description="TPL_RESPONSIVEO_GRID_DESC" 
				/>
				
				<field name="tpl_responsiveo_header_grid12_settings" 
					type="subform" 
					icon="list"
					formsource="templates/responsiveo/field/gridsettings1c.xml" 
					class="advancedSelect" 
					min="1" 
					max="1" 
					multiple="false" 
					layout="joomla.form.field.subform.repeatable-table" 
					groupByFieldset="false" 
					label="TPL_RESPONSIVEO_GRID_SETTINGS"
					showon="tpl_responsiveo_header_grid_expand:0[AND]tpl_responsiveo_header_grid:12"
					description="TPL_RESPONSIVEO_GRID_SETTINGS" 
				/>
				
				<field name="tpl_responsiveo_header_grid66_settings" 
					type="subform" 
					icon="list"
					formsource="templates/responsiveo/field/gridsettings2c.xml" 
					class="advancedSelect" 
					min="1" 
					max="1" 
					multiple="false" 
					layout="joomla.form.field.subform.repeatable-table" 
					groupByFieldset="false" 
					label="TPL_RESPONSIVEO_GRID_SETTINGS"
					showon="tpl_responsiveo_header_grid_expand:0[AND]tpl_responsiveo_header_grid:6_6"
					description="TPL_RESPONSIVEO_GRID_SETTINGS" 
				/>
				
				<field name="tpl_responsiveo_header_grid444_settings" 
					type="subform" 
					icon="list"
					formsource="templates/responsiveo/field/gridsettings3c.xml" 
					class="advancedSelect" 
					min="1" 
					max="1" 
					multiple="false" 
					layout="joomla.form.field.subform.repeatable-table" 
					groupByFieldset="false" 
					label="TPL_RESPONSIVEO_GRID_SETTINGS"
					showon="tpl_responsiveo_header_grid_expand:0[AND]tpl_responsiveo_header_grid:4_4_4"
					description="TPL_RESPONSIVEO_GRID_SETTINGS" 
				/>
				
				<field name="tpl_responsiveo_header_grid3333_settings" 
					type="subform" 
					icon="list"
					formsource="templates/responsiveo/field/gridsettings4c.xml" 
					class="advancedSelect" 
					min="1" 
					max="1" 
					multiple="false" 
					layout="joomla.form.field.subform.repeatable-table" 
					groupByFieldset="false" 
					label="TPL_RESPONSIVEO_GRID_SETTINGS"
					showon="tpl_responsiveo_header_grid_expand:0[AND]tpl_responsiveo_header_grid:3_3_3_3"
					description="TPL_RESPONSIVEO_GRID_SETTINGS" 
				/>
				
				<field name="tpl_responsiveo_header_grid48_settings" 
					type="subform" 
					icon="list"
					formsource="templates/responsiveo/field/gridsettings2c.xml" 
					class="advancedSelect" 
					min="1" 
					max="1" 
					multiple="false" 
					layout="joomla.form.field.subform.repeatable-table" 
					groupByFieldset="false" 
					label="TPL_RESPONSIVEO_GRID_SETTINGS"
					showon="tpl_responsiveo_header_grid_expand:0[AND]tpl_responsiveo_header_grid:4_8"
					description="TPL_RESPONSIVEO_GRID_SETTINGS" 
				/>
				
				<field name="tpl_responsiveo_header_grid39_settings" 
					type="subform" 
					icon="list"
					formsource="templates/responsiveo/field/gridsettings2c.xml" 
					class="advancedSelect" 
					min="1" 
					max="1" 
					multiple="false" 
					layout="joomla.form.field.subform.repeatable-table" 
					groupByFieldset="false" 
					label="TPL_RESPONSIVEO_GRID_SETTINGS"
					showon="tpl_responsiveo_header_grid_expand:0[AND]tpl_responsiveo_header_grid:3_9"
					description="TPL_RESPONSIVEO_GRID_SETTINGS" 
				/>
				
				<field name="tpl_responsiveo_header_grid84_settings" 
					type="subform" 
					icon="list"
					formsource="templates/responsiveo/field/gridsettings2c.xml" 
					class="advancedSelect" 
					min="1" 
					max="1" 
					multiple="false" 
					layout="joomla.form.field.subform.repeatable-table" 
					groupByFieldset="false" 
					label="TPL_RESPONSIVEO_GRID_SETTINGS"
					showon="tpl_responsiveo_header_grid_expand:0[AND]tpl_responsiveo_header_grid:8_4"
					description="TPL_RESPONSIVEO_GRID_SETTINGS" 
				/>
				
				<field name="tpl_responsiveo_header_grid93_settings" 
					type="subform" 
					icon="list"
					formsource="templates/responsiveo/field/gridsettings2c.xml" 
					class="advancedSelect" 
					min="1" 
					max="1" 
					multiple="false" 
					layout="joomla.form.field.subform.repeatable-table" 
					groupByFieldset="false" 
					label="TPL_RESPONSIVEO_GRID_SETTINGS"
					showon="tpl_responsiveo_header_grid_expand:0[AND]tpl_responsiveo_header_grid:9_3"
					description="TPL_RESPONSIVEO_GRID_SETTINGS" 
				/>
				
				<field name="tpl_responsiveo_header_grid363_settings" 
					type="subform" 
					icon="list"
					formsource="templates/responsiveo/field/gridsettings3c.xml" 
					class="advancedSelect" 
					min="1" 
					max="1" 
					multiple="false" 
					layout="joomla.form.field.subform.repeatable-table" 
					groupByFieldset="false" 
					label="TPL_RESPONSIVEO_GRID_SETTINGS"
					showon="tpl_responsiveo_header_grid_expand:0[AND]tpl_responsiveo_header_grid:3_6_3"
					description="TPL_RESPONSIVEO_GRID_SETTINGS" 
				/>
				
				<field name="tpl_responsiveo_header_grid12x_settings" 
					type="subform" 
					icon="list"
					formsource="templates/responsiveo/field/gridsettings1cx.xml" 
					class="advancedSelect" 
					min="1" 
					max="1" 
					multiple="false" 
					layout="joomla.form.field.subform.repeatable-table" 
					groupByFieldset="false" 
					label="TPL_RESPONSIVEO_GRID_SETTINGS"
					showon="tpl_responsiveo_header_grid_expand:1[AND]tpl_responsiveo_header_grid_expanded:12"
					description="TPL_RESPONSIVEO_GRID_SETTINGS" 
				/>
				
				<field name="tpl_responsiveo_header_grid66x_settings" 
					type="subform" 
					icon="list"
					formsource="templates/responsiveo/field/gridsettings2cx.xml" 
					class="advancedSelect" 
					min="1" 
					max="1" 
					multiple="false" 
					layout="joomla.form.field.subform.repeatable-table" 
					groupByFieldset="false" 
					label="TPL_RESPONSIVEO_GRID_SETTINGS"
					showon="tpl_responsiveo_header_grid_expand:1[AND]tpl_responsiveo_header_grid_expanded:6_6"
					description="TPL_RESPONSIVEO_GRID_SETTINGS" 
				/>
				
				<field name="tpl_responsiveo_header_grid444x_settings" 
					type="subform" 
					icon="list"
					formsource="templates/responsiveo/field/gridsettings3cx.xml" 
					class="advancedSelect" 
					min="1" 
					max="1" 
					multiple="false" 
					layout="joomla.form.field.subform.repeatable-table" 
					groupByFieldset="false" 
					label="TPL_RESPONSIVEO_GRID_SETTINGS"
					showon="tpl_responsiveo_header_grid_expand:1[AND]tpl_responsiveo_header_grid_expanded:4_4_4"
					description="TPL_RESPONSIVEO_GRID_SETTINGS" 
				/>
				
				<field name="tpl_responsiveo_header_grid3333x_settings" 
					type="subform" 
					icon="list"
					formsource="templates/responsiveo/field/gridsettings4cx.xml" 
					class="advancedSelect" 
					min="1" 
					max="1" 
					multiple="false" 
					layout="joomla.form.field.subform.repeatable-table" 
					groupByFieldset="false" 
					label="TPL_RESPONSIVEO_GRID_SETTINGS"
					showon="tpl_responsiveo_header_grid_expand:1[AND]tpl_responsiveo_header_grid_expanded:3_3_3_3"
					description="TPL_RESPONSIVEO_GRID_SETTINGS" 
				/>
				
				<field name="tpl_responsiveo_header_grid48x_settings" 
					type="subform" 
					icon="list"
					formsource="templates/responsiveo/field/gridsettings2cx.xml" 
					class="advancedSelect" 
					min="1" 
					max="1" 
					multiple="false" 
					layout="joomla.form.field.subform.repeatable-table" 
					groupByFieldset="false" 
					label="TPL_RESPONSIVEO_GRID_SETTINGS"
					showon="tpl_responsiveo_header_grid_expand:1[AND]tpl_responsiveo_header_grid_expanded:4_8"
					description="TPL_RESPONSIVEO_GRID_SETTINGS" 
				/>
				
				<field name="tpl_responsiveo_header_grid39x_settings" 
					type="subform" 
					icon="list"
					formsource="templates/responsiveo/field/gridsettings2cx.xml" 
					class="advancedSelect" 
					min="1" 
					max="1" 
					multiple="false" 
					layout="joomla.form.field.subform.repeatable-table" 
					groupByFieldset="false" 
					label="TPL_RESPONSIVEO_GRID_SETTINGS"
					showon="tpl_responsiveo_header_grid_expand:1[AND]tpl_responsiveo_header_grid_expanded:3_9"
					description="TPL_RESPONSIVEO_GRID_SETTINGS" 
				/>
				
				<field name="tpl_responsiveo_header_grid84x_settings" 
					type="subform" 
					icon="list"
					formsource="templates/responsiveo/field/gridsettings2cx.xml" 
					class="advancedSelect" 
					min="1" 
					max="1" 
					multiple="false" 
					layout="joomla.form.field.subform.repeatable-table" 
					groupByFieldset="false" 
					label="TPL_RESPONSIVEO_GRID_SETTINGS"
					showon="tpl_responsiveo_header_grid_expand:1[AND]tpl_responsiveo_header_grid_expanded:8_4"
					description="TPL_RESPONSIVEO_GRID_SETTINGS" 
				/>
				
				<field name="tpl_responsiveo_header_grid93x_settings" 
					type="subform" 
					icon="list"
					formsource="templates/responsiveo/field/gridsettings2cx.xml" 
					class="advancedSelect" 
					min="1" 
					max="1" 
					multiple="false" 
					layout="joomla.form.field.subform.repeatable-table" 
					groupByFieldset="false" 
					label="TPL_RESPONSIVEO_GRID_SETTINGS"
					showon="tpl_responsiveo_header_grid_expand:1[AND]tpl_responsiveo_header_grid_expanded:9_3"
					description="TPL_RESPONSIVEO_GRID_SETTINGS" 
				/>
				
				<field name="tpl_responsiveo_header_grid363x_settings" 
					type="subform" 
					icon="list"
					formsource="templates/responsiveo/field/gridsettings3cx.xml" 
					class="advancedSelect" 
					min="1" 
					max="1" 
					multiple="false" 
					layout="joomla.form.field.subform.repeatable-table" 
					groupByFieldset="false" 
					label="TPL_RESPONSIVEO_GRID_SETTINGS"
					showon="tpl_responsiveo_header_grid_expand:1[AND]tpl_responsiveo_header_grid_expanded:3_6_3"
					description="TPL_RESPONSIVEO_GRID_SETTINGS" 
				/>
				
				<field name="tpl_responsiveo_header_grid12_animation" 
					type="subform" 
					icon="list"
					formsource="templates/responsiveo/field/gridanimation1c.xml" 
					class="advancedSelect" 
					min="1" 
					max="1" 
					multiple="false" 
					layout="joomla.form.field.subform.repeatable-table" 
					groupByFieldset="false" 
					label="TPL_RESPONSIVEO_GRID_ANIMATION"
					showon="tpl_responsiveo_header_grid_expand:0[AND]tpl_responsiveo_header_grid:12"
					description="TPL_RESPONSIVEO_GRID_ANIMATION" 
				/>
				
				<field name="tpl_responsiveo_header_grid66_animation" 
					type="subform" 
					icon="list"
					formsource="templates/responsiveo/field/gridanimation2c.xml" 
					class="advancedSelect" 
					min="1" 
					max="1" 
					multiple="false" 
					layout="joomla.form.field.subform.repeatable-table" 
					groupByFieldset="false" 
					label="TPL_RESPONSIVEO_GRID_ANIMATION"
					showon="tpl_responsiveo_header_grid_expand:0[AND]tpl_responsiveo_header_grid:6_6"
					description="TPL_RESPONSIVEO_GRID_ANIMATION" 
				/>
				
				<field name="tpl_responsiveo_header_grid444_animation" 
					type="subform" 
					icon="list"
					formsource="templates/responsiveo/field/gridanimation3c.xml" 
					class="advancedSelect" 
					min="1" 
					max="1" 
					multiple="false" 
					layout="joomla.form.field.subform.repeatable-table" 
					groupByFieldset="false" 
					label="TPL_RESPONSIVEO_GRID_ANIMATION"
					showon="tpl_responsiveo_header_grid_expand:0[AND]tpl_responsiveo_header_grid:4_4_4"
					description="TPL_RESPONSIVEO_GRID_ANIMATION" 
				/>
				
				<field name="tpl_responsiveo_header_grid3333_animation" 
					type="subform" 
					icon="list"
					formsource="templates/responsiveo/field/gridanimation4c.xml" 
					class="advancedSelect" 
					min="1" 
					max="1" 
					multiple="false" 
					layout="joomla.form.field.subform.repeatable-table" 
					groupByFieldset="false" 
					label="TPL_RESPONSIVEO_GRID_ANIMATION"
					showon="tpl_responsiveo_header_grid_expand:0[AND]tpl_responsiveo_header_grid:3_3_3_3"
					description="TPL_RESPONSIVEO_GRID_ANIMATION" 
				/>
				
				<field name="tpl_responsiveo_header_grid48_animation" 
					type="subform" 
					icon="list"
					formsource="templates/responsiveo/field/gridanimation2c.xml" 
					class="advancedSelect" 
					min="1" 
					max="1" 
					multiple="false" 
					layout="joomla.form.field.subform.repeatable-table" 
					groupByFieldset="false" 
					label="TPL_RESPONSIVEO_GRID_ANIMATION"
					showon="tpl_responsiveo_header_grid_expand:0[AND]tpl_responsiveo_header_grid:4_8"
					description="TPL_RESPONSIVEO_GRID_ANIMATION" 
				/>
				
				<field name="tpl_responsiveo_header_grid39_animation" 
					type="subform" 
					icon="list"
					formsource="templates/responsiveo/field/gridanimation2c.xml" 
					class="advancedSelect" 
					min="1" 
					max="1" 
					multiple="false" 
					layout="joomla.form.field.subform.repeatable-table" 
					groupByFieldset="false" 
					label="TPL_RESPONSIVEO_GRID_ANIMATION"
					showon="tpl_responsiveo_header_grid_expand:0[AND]tpl_responsiveo_header_grid:3_9"
					description="TPL_RESPONSIVEO_GRID_ANIMATION" 
				/>
				
				<field name="tpl_responsiveo_header_grid84_animation" 
					type="subform" 
					icon="list"
					formsource="templates/responsiveo/field/gridanimation2c.xml" 
					class="advancedSelect" 
					min="1" 
					max="1" 
					multiple="false" 
					layout="joomla.form.field.subform.repeatable-table" 
					groupByFieldset="false" 
					label="TPL_RESPONSIVEO_GRID_ANIMATION"
					showon="tpl_responsiveo_header_grid_expand:0[AND]tpl_responsiveo_header_grid:8_4"
					description="TPL_RESPONSIVEO_GRID_ANIMATION" 
				/>
				
				<field name="tpl_responsiveo_header_grid93_animation" 
					type="subform" 
					icon="list"
					formsource="templates/responsiveo/field/gridanimation2c.xml" 
					class="advancedSelect" 
					min="1" 
					max="1" 
					multiple="false" 
					layout="joomla.form.field.subform.repeatable-table" 
					groupByFieldset="false" 
					label="TPL_RESPONSIVEO_GRID_ANIMATION"
					showon="tpl_responsiveo_header_grid_expand:0[AND]tpl_responsiveo_header_grid:9_3"
					description="TPL_RESPONSIVEO_GRID_ANIMATION" 
				/>
				
				<field name="tpl_responsiveo_header_grid363_animation" 
					type="subform" 
					icon="list"
					formsource="templates/responsiveo/field/gridanimation3c.xml" 
					class="advancedSelect" 
					min="1" 
					max="1" 
					multiple="false" 
					layout="joomla.form.field.subform.repeatable-table" 
					groupByFieldset="false" 
					label="TPL_RESPONSIVEO_GRID_ANIMATION"
					showon="tpl_responsiveo_header_grid_expand:0[AND]tpl_responsiveo_header_grid:3_6_3"
					description="TPL_RESPONSIVEO_GRID_ANIMATION" 
				/>
				
				<field name="tpl_responsiveo_header_grid12x_animation" 
					type="subform" 
					icon="list"
					formsource="templates/responsiveo/field/gridanimation1cx.xml" 
					class="advancedSelect" 
					min="1" 
					max="1" 
					multiple="false" 
					layout="joomla.form.field.subform.repeatable-table" 
					groupByFieldset="false" 
					label="TPL_RESPONSIVEO_GRID_ANIMATION"
					showon="tpl_responsiveo_header_grid_expand:1[AND]tpl_responsiveo_header_grid_expanded:12"
					description="TPL_RESPONSIVEO_GRID_ANIMATION" 
				/>
				
				<field name="tpl_responsiveo_header_grid66x_animation" 
					type="subform" 
					icon="list"
					formsource="templates/responsiveo/field/gridanimation2cx.xml" 
					class="advancedSelect" 
					min="1" 
					max="1" 
					multiple="false" 
					layout="joomla.form.field.subform.repeatable-table" 
					groupByFieldset="false" 
					label="TPL_RESPONSIVEO_GRID_ANIMATION"
					showon="tpl_responsiveo_header_grid_expand:1[AND]tpl_responsiveo_header_grid_expanded:6_6"
					description="TPL_RESPONSIVEO_GRID_ANIMATION" 
				/>
				
				<field name="tpl_responsiveo_header_grid444x_animation" 
					type="subform" 
					icon="list"
					formsource="templates/responsiveo/field/gridanimation3cx.xml" 
					class="advancedSelect" 
					min="1" 
					max="1" 
					multiple="false" 
					layout="joomla.form.field.subform.repeatable-table" 
					groupByFieldset="false" 
					label="TPL_RESPONSIVEO_GRID_ANIMATION"
					showon="tpl_responsiveo_header_grid_expand:1[AND]tpl_responsiveo_header_grid_expanded:4_4_4"
					description="TPL_RESPONSIVEO_GRID_ANIMATION" 
				/>
				
				<field name="tpl_responsiveo_header_grid3333x_animation" 
					type="subform" 
					icon="list"
					formsource="templates/responsiveo/field/gridanimation4cx.xml" 
					class="advancedSelect" 
					min="1" 
					max="1" 
					multiple="false" 
					layout="joomla.form.field.subform.repeatable-table" 
					groupByFieldset="false" 
					label="TPL_RESPONSIVEO_GRID_ANIMATION"
					showon="tpl_responsiveo_header_grid_expand:1[AND]tpl_responsiveo_header_grid_expanded:3_3_3_3"
					description="TPL_RESPONSIVEO_GRID_ANIMATION" 
				/>
				
				<field name="tpl_responsiveo_header_grid48x_animation" 
					type="subform" 
					icon="list"
					formsource="templates/responsiveo/field/gridanimation2cx.xml" 
					class="advancedSelect" 
					min="1" 
					max="1" 
					multiple="false" 
					layout="joomla.form.field.subform.repeatable-table" 
					groupByFieldset="false" 
					label="TPL_RESPONSIVEO_GRID_ANIMATION"
					showon="tpl_responsiveo_header_grid_expand:1[AND]tpl_responsiveo_header_grid_expanded:4_8"
					description="TPL_RESPONSIVEO_GRID_ANIMATION" 
				/>
				
				<field name="tpl_responsiveo_header_grid39x_animation" 
					type="subform" 
					icon="list"
					formsource="templates/responsiveo/field/gridanimation2cx.xml" 
					class="advancedSelect" 
					min="1" 
					max="1" 
					multiple="false" 
					layout="joomla.form.field.subform.repeatable-table" 
					groupByFieldset="false" 
					label="TPL_RESPONSIVEO_GRID_ANIMATION"
					showon="tpl_responsiveo_header_grid_expand:1[AND]tpl_responsiveo_header_grid_expanded:3_9"
					description="TPL_RESPONSIVEO_GRID_ANIMATION" 
				/>
				
				<field name="tpl_responsiveo_header_grid84x_animation" 
					type="subform" 
					icon="list"
					formsource="templates/responsiveo/field/gridanimation2cx.xml" 
					class="advancedSelect" 
					min="1" 
					max="1" 
					multiple="false" 
					layout="joomla.form.field.subform.repeatable-table" 
					groupByFieldset="false" 
					label="TPL_RESPONSIVEO_GRID_ANIMATION"
					showon="tpl_responsiveo_header_grid_expand:1[AND]tpl_responsiveo_header_grid_expanded:8_4"
					description="TPL_RESPONSIVEO_GRID_ANIMATION" 
				/>
				
				<field name="tpl_responsiveo_header_grid93x_animation" 
					type="subform" 
					icon="list"
					formsource="templates/responsiveo/field/gridanimation2cx.xml" 
					class="advancedSelect" 
					min="1" 
					max="1" 
					multiple="false" 
					layout="joomla.form.field.subform.repeatable-table" 
					groupByFieldset="false" 
					label="TPL_RESPONSIVEO_GRID_ANIMATION"
					showon="tpl_responsiveo_header_grid_expand:1[AND]tpl_responsiveo_header_grid_expanded:9_3"
					description="TPL_RESPONSIVEO_GRID_ANIMATION" 
				/>
				
				<field name="tpl_responsiveo_header_grid363x_animation" 
					type="subform" 
					icon="list"
					formsource="templates/responsiveo/field/gridanimation3cx.xml" 
					class="advancedSelect" 
					min="1" 
					max="1" 
					multiple="false" 
					layout="joomla.form.field.subform.repeatable-table" 
					groupByFieldset="false" 
					label="TPL_RESPONSIVEO_GRID_ANIMATION"
					showon="tpl_responsiveo_header_grid_expand:1[AND]tpl_responsiveo_header_grid_expanded:3_6_3"
					description="TPL_RESPONSIVEO_GRID_ANIMATION" 
				/>
					
				<field name="tpl_responsiveo_header_height" 
					type="subform" 
					icon="list"
					formsource="templates/responsiveo/field/devicesheight.xml" 
					class="advancedSelect" 
					min="1" 
					max="1" 
					multiple="false" 
					layout="joomla.form.field.subform.repeatable-table" 
					groupByFieldset="false" 
					label="TPL_RESPONSIVEO_HEIGHT"
					description="TPL_RESPONSIVEO_HEIGHT" 
				/>
						
				<field name="tpl_responsiveo_header_bgcolor" 
					type="color" 
					format="rgba"
					default=""
					opacity="1"
					label="TPL_RESPONSIVEO_BGCOLOR"
					description="TPL_RESPONSIVEO_BGCOLOR"
				/>
				
				<field name="tpl_responsiveo_header_bgmedia"
					type="radio"
					default="none"
					class="btn-group"
					label="TPL_RESPONSIVEO_BGMEDIA"
					description="TPL_RESPONSIVEO_BGMEDIA_DESC">
					<option value="none">TPL_RESPONSIVEO_BGMEDIA_NONE</option>
					<option value="image">TPL_RESPONSIVEO_BGMEDIA_IMAGE</option>
					<option value="youtube">TPL_RESPONSIVEO_BGMEDIA_VIDEO</option>
					<option value="gradient">TPL_RESPONSIVEO_BGMEDIA_GRADIENT</option>
				</field>
				
				<field name="tpl_responsiveo_header_bgmedia_image_src"
					type="radio"
					default="custom"
					class="btn-group"
					label="TPL_RESPONSIVEO_BGMEDIA_IMAGE_SRC"
					showon="tpl_responsiveo_header_bgmedia:image"
					description="TPL_RESPONSIVEO_BGMEDIA_IMAGE_SRC_DESC">
					<option value="image_fulltext">TPL_RESPONSIVEO_BGMEDIA_ARTICLE_IMAGE</option>
					<option value="image_intro">TPL_RESPONSIVEO_BGMEDIA_INTRO_IMAGE</option>
					<option value="custom">TPL_RESPONSIVEO_BGMEDIA_CUSTOM_IMAGE</option>
				</field>
				
				<field name="tpl_responsiveo_header_bgmedia_image" 
					type="media" 
					default="" 
					label="TPL_RESPONSIVEO_BGMEDIA_IMAGE"
					showon="tpl_responsiveo_header_bgmedia:image[AND]tpl_responsiveo_header_bgmedia_image_src:custom" 
					description="TPL_RESPONSIVEO_BGMEDIA_IMAGE_DESC" 
					size="30" 
				/>
				
				<field name="tpl_responsiveo_header_bgmedia_image_repeat"
					type="radio"
					default="no-repeat"
					class="btn-group"
					label="TPL_RESPONSIVEO_BGMEDIA_REPEAT"
					showon="tpl_responsiveo_header_bgmedia:image"
					description="TPL_RESPONSIVEO_BGMEDIA_REPEAT">
					<option value="no-repeat">TPL_RESPONSIVEO_BGMEDIA_IMAGE_NOREPEAT</option>
					<option value="repeat">TPL_RESPONSIVEO_BGMEDIA_IMAGE_REPEAT</option>
					<option value="repeat-x">TPL_RESPONSIVEO_BGMEDIA_IMAGE_REPEATX</option>
					<option value="repeat-y">TPL_RESPONSIVEO_BGMEDIA_IMAGE_REPEATY</option>
				</field>
				
				<field name="tpl_responsiveo_header_bgmedia_image_size"
					type="radio"
					default="auto"
					class="btn-group"
					label="TPL_RESPONSIVEO_BGMEDIA_IMAGE_SIZE"
					showon="tpl_responsiveo_header_bgmedia:image"
					description="TPL_RESPONSIVEO_BGMEDIA_IMAGE_SIZE">
					<option value="auto">TPL_RESPONSIVEO_BGMEDIA_IMAGE_AUTO</option>
					<option value="cover">TPL_RESPONSIVEO_BGMEDIA_IMAGE_COVER</option>
					<option value="contain">TPL_RESPONSIVEO_BGMEDIA_IMAGE_CONTAIN</option>
				</field>
				
				<field name="tpl_responsiveo_header_bgmedia_youtube_id" 
					type="text" 
					default="ZSGh1IstVsE" 
					label="TPL_RESPONSIVEO_BGMEDIA_YOUTUBE_ID"
					showon="tpl_responsiveo_header_bgmedia:youtube"
					description="TPL_RESPONSIVEO_BGMEDIA_ID_DESC" 
				stripext="" />
				
				<field name="tpl_responsiveo_header_bgmedia_youtube_copyright" 
					type="text" 
					default="Copyright © Relaxing Media Official Website 2017" 
					label="TPL_RESPONSIVEO_BGMEDIA_YOUTUBE_COPYRIGHT"
					showon="tpl_responsiveo_header_bgmedia:youtube"
					description="TPL_RESPONSIVEO_BGMEDIA_COPYRIGHT_DESC" 
				stripext="" />
				
				<field name="tpl_responsiveo_header_bgmedia_gradient" 
					type="radiogradient" 
					default="1" 
					label="TPL_RESPONSIVEO_BGMEDIA_GRADIENT"
					showon="tpl_responsiveo_header_bgmedia:gradient"
					description="TPL_RESPONSIVEO_BGMEDIA_GRADIENT_DESC" 
				/>
					
				<field
					name="tpl_responsiveo_header_border"
					type="radio"
					label="TPL_RESPONSIVEO_BORDER"
					description="TPL_RESPONSIVEO_BORDER"
					class="btn-group btn-group-yesno"
					default="1"
					>
					<option value="1">JYES</option>
					<option value="0">JNO</option>
				</field>
					
				<field name="tpl_responsiveo_header_border_width" 
					type="subform" 
					icon="list"
					formsource="templates/responsiveo/field/border.xml" 
					class="advancedSelect" 
					min="1" 
					max="1" 
					multiple="false" 
					layout="joomla.form.field.subform.repeatable-table" 
					groupByFieldset="false" 
					label="TPL_RESPONSIVEO_BORDER_WIDTH"
					showon="tpl_responsiveo_header_border:1"
					description="TPL_RESPONSIVEO_BORDER_WIDTH" 
				/>
					
				<field name="tpl_responsiveo_header_border_color" 
					type="color" 
					default="#eeeeee" 
					label="TPL_RESPONSIVEO_BORDER_COLOR" 
					showon="tpl_responsiveo_header_border:1"
					description="TPL_RESPONSIVEO_BORDER_COLOR" 
				/>
						
				<field
					name="tpl_responsiveo_header_container"
					type="radio"
					label="TPL_RESPONSIVEO_CONTAINER"
					description="TPL_RESPONSIVEO_CONTAINER"
					class="btn-group"
					default="container"
					>
					<option value="container-fluid">TPL_RESPONSIVEO_CONTAINER_FLUID</option>
					<option value="container">TPL_RESPONSIVEO_CONTAINER_CONTAINER</option>
				</field>
			  	
			  	<field name="tpl_responsiveo_header_display"
					type="radio"
					default="responsiveo-scroll"
					class="btn-group"
					label="TPL_RESPONSIVEO_HEADER_DISPLAY"
					description="TPL_RESPONSIVEO_HEADER_DISPLAY">
				  	<option value="responsiveo-scroll">TPL_RESPONSIVEO_HEADER_DISPLAY_SCROLL</option>
				  	<option value="responsiveo-sticky">TPL_RESPONSIVEO_HEADER_DISPLAY_STICKY</option>
				  	<option value="responsiveo-sticky-on-scroll">TPL_RESPONSIVEO_HEADER_DISPLAY_STICKY_ON_SCROLL</option>
			  	</field>
			  	
			  	<field name="tpl_responsiveo_header_padding" 
					type="subform" 
					icon="list"
					formsource="templates/responsiveo/field/padding.xml" 
					class="advancedSelect" 
					min="1" 
					max="1" 
					multiple="false" 
					layout="joomla.form.field.subform.repeatable-table" 
					groupByFieldset="false" 
					label="TPL_RESPONSIVEO_PADDING"
					description="TPL_RESPONSIVEO_PADDING" 
				/>
							
			</fieldset>
			
			<fieldset name="SLIDER" label="TPL_RESPONSIVEO_SLIDER">
			
				<field name="tpl_responsiveo_slider_section_name" 
					type="subform" 
					icon="list"
					formsource="templates/responsiveo/field/sectionname.xml" 
					class="advancedSelect" 
					min="1" 
					max="50" 
					multiple="true" 
					layout="joomla.form.field.subform.repeatable-table" 
					groupByFieldset="false" 
					label="TPL_RESPONSIVEO_SECTION_NAME"
					showon="tpl_responsiveo_onepager:1"
					description="TPL_RESPONSIVEO_SECTION_NAME_DESC" 
				/>
				
				<field name="tpl_responsiveo_slider_height" 
					type="subform" 
					icon="list"
					formsource="templates/responsiveo/field/devicesheight.xml" 
					class="advancedSelect" 
					min="1" 
					max="1" 
					multiple="false" 
					layout="joomla.form.field.subform.repeatable-table" 
					groupByFieldset="false" 
					label="TPL_RESPONSIVEO_HEIGHT"
					description="TPL_RESPONSIVEO_HEIGHT" 
				/>
			
				<field name="tpl_responsiveo_slider_bgcolor" 
					type="color" 
					format="rgba"
					default="#EEEEEE"
					opacity="1"
					label="TPL_RESPONSIVEO_BGCOLOR"
					description="TPL_RESPONSIVEO_BGCOLOR"
				/>
				
				<field name="tpl_responsiveo_slider_bgmedia"
					type="radio"
					default="none"
					class="btn-group"
					label="TPL_RESPONSIVEO_BGMEDIA"
					description="TPL_RESPONSIVEO_BGMEDIA_DESC">
					<option value="none">TPL_RESPONSIVEO_BGMEDIA_NONE</option>
					<option value="image">TPL_RESPONSIVEO_BGMEDIA_IMAGE</option>
					<option value="youtube">TPL_RESPONSIVEO_BGMEDIA_VIDEO</option>
					<option value="gradient">TPL_RESPONSIVEO_BGMEDIA_GRADIENT</option>
				</field>
				
				<field name="tpl_responsiveo_slider_bgmedia_image_src"
					type="radio"
					default="custom"
					class="btn-group"
					label="TPL_RESPONSIVEO_BGMEDIA_IMAGE_SRC"
					showon="tpl_responsiveo_slider_bgmedia:image"
					description="TPL_RESPONSIVEO_BGMEDIA_IMAGE_SRC_DESC">
					<option value="image_fulltext">TPL_RESPONSIVEO_BGMEDIA_ARTICLE_IMAGE</option>
					<option value="image_intro">TPL_RESPONSIVEO_BGMEDIA_INTRO_IMAGE</option>
					<option value="custom">TPL_RESPONSIVEO_BGMEDIA_CUSTOM_IMAGE</option>
				</field>
				
				<field name="tpl_responsiveo_slider_bgmedia_image" 
					type="media" 
					default="" 
					label="TPL_RESPONSIVEO_BGMEDIA_IMAGE"
					showon="tpl_responsiveo_slider_bgmedia:image[AND]tpl_responsiveo_slider_bgmedia_image_src:custom" 
					description="TPL_RESPONSIVEO_BGMEDIA_IMAGE_DESC" 
					size="30" 
				/>
				
				<field name="tpl_responsiveo_slider_bgmedia_image_repeat"
					type="radio"
					default="no-repeat"
					class="btn-group"
					label="TPL_RESPONSIVEO_BGMEDIA_REPEAT"
					showon="tpl_responsiveo_slider_bgmedia:image"
					description="TPL_RESPONSIVEO_BGMEDIA_REPEAT">
					<option value="no-repeat">TPL_RESPONSIVEO_BGMEDIA_IMAGE_NOREPEAT</option>
					<option value="repeat">TPL_RESPONSIVEO_BGMEDIA_IMAGE_REPEAT</option>
					<option value="repeat-x">TPL_RESPONSIVEO_BGMEDIA_IMAGE_REPEATX</option>
					<option value="repeat-y">TPL_RESPONSIVEO_BGMEDIA_IMAGE_REPEATY</option>
				</field>
				
				<field name="tpl_responsiveo_slider_bgmedia_image_size"
					type="radio"
					default="auto"
					class="btn-group"
					label="TPL_RESPONSIVEO_BGMEDIA_IMAGE_SIZE"
					showon="tpl_responsiveo_slider_bgmedia:image"
					description="TPL_RESPONSIVEO_BGMEDIA_IMAGE_SIZE">
					<option value="auto">TPL_RESPONSIVEO_BGMEDIA_IMAGE_AUTO</option>
					<option value="cover">TPL_RESPONSIVEO_BGMEDIA_IMAGE_COVER</option>
					<option value="contain">TPL_RESPONSIVEO_BGMEDIA_IMAGE_CONTAIN</option>
				</field>
				
				<field name="tpl_responsiveo_slider_bgmedia_image_vertical_alignment"
					type="radio"
					default="top"
					class="btn-group"
					label="TPL_RESPONSIVEO_BGMEDIA_IMAGE_VERTICAL_ALIGNMENT"
					showon="tpl_responsiveo_slider_bgmedia:image"
					description="TPL_RESPONSIVEO_BGMEDIA_IMAGE_VERTICAL_ALIGNMENT">
				  	<option value="top">TPL_RESPONSIVEO_VERTICAL_ALIGNMENT_TOP</option>
				  	<option value="center">TPL_RESPONSIVEO_VERTICAL_ALIGNMENT_CENTER</option>
				  	<option value="bottom">TPL_RESPONSIVEO_VERTICAL_ALIGNMENT_BOTTOM</option>
			  	</field>
				
				<field name="tpl_responsiveo_slider_bgmedia_youtube_id" 
					type="text" 
					default="VgKzyg-xV1s" 
					label="TPL_RESPONSIVEO_BGMEDIA_YOUTUBE_ID"
					showon="tpl_responsiveo_slider_bgmedia:youtube"
					description="TPL_RESPONSIVEO_BGMEDIA_ID_DESC" 
				stripext="" />
				
				<field name="tpl_responsiveo_slider_bgmedia_youtube_copyright" 
					type="text" 
					default="Copyright © Relaxing Media Official Website 2017" 
					label="TPL_RESPONSIVEO_BGMEDIA_YOUTUBE_COPYRIGHT"
					showon="tpl_responsiveo_slider_bgmedia:youtube"
					description="TPL_RESPONSIVEO_BGMEDIA_COPYRIGHT_DESC" 
				stripext="" />
				
				<field name="tpl_responsiveo_slider_bgmedia_gradient" 
					type="radiogradient" 
					default="1" 
					label="TPL_RESPONSIVEO_BGMEDIA_GRADIENT"
					showon="tpl_responsiveo_slider_bgmedia:gradient"
					description="TPL_RESPONSIVEO_BGMEDIA_GRADIENT_DESC" 
				/>
				
				<field
					name="tpl_responsiveo_slider_border"
					type="radio"
					label="TPL_RESPONSIVEO_BORDER"
					description="TPL_RESPONSIVEO_BORDER"
					class="btn-group btn-group-yesno"
					default="1"
					>
					<option value="1">JYES</option>
					<option value="0">JNO</option>
				</field>
					
				<field name="tpl_responsiveo_slider_border_width" 
					type="subform" 
					icon="list"
					formsource="templates/responsiveo/field/border.xml" 
					class="advancedSelect" 
					min="1" 
					max="1" 
					multiple="false" 
					layout="joomla.form.field.subform.repeatable-table" 
					groupByFieldset="false" 
					label="TPL_RESPONSIVEO_BORDER_WIDTH"
					showon="tpl_responsiveo_slider_border:1"
					description="TPL_RESPONSIVEO_BORDER_WIDTH" 
				/>
					
				<field name="tpl_responsiveo_slider_border_color" 
					type="color" 
					default="#eeeeee" 
					label="TPL_RESPONSIVEO_BORDER_COLOR" 
					showon="tpl_responsiveo_slider_border:1"
					description="TPL_RESPONSIVEO_BORDER_COLOR" 
				/>
						
				<field
					name="tpl_responsiveo_slider_container"
					type="radio"
					label="TPL_RESPONSIVEO_CONTAINER"
					description="TPL_RESPONSIVEO_CONTAINER"
					class="btn-group"
					default="container"
					>
					<option value="container-fluid">TPL_RESPONSIVEO_CONTAINER_FLUID</option>
					<option value="container">TPL_RESPONSIVEO_CONTAINER_CONTAINER</option>
				</field>
				
				<field
					name="tpl_responsiveo_slider_divider"
					type="radiodivider"
					label="TPL_RESPONSIVEO_DIVIDER"
					description="TPL_RESPONSIVEO_DIVIDER"
					default="none"
				/>
			
			</fieldset>
						
			<fieldset name="TOP" label="TPL_RESPONSIVEO_TOP">
			
				<field name="tpl_responsiveo_top_section_name" 
					type="subform" 
					icon="list"
					formsource="templates/responsiveo/field/sectionname.xml" 
					class="advancedSelect" 
					min="1" 
					max="50" 
					multiple="true" 
					layout="joomla.form.field.subform.repeatable-table" 
					groupByFieldset="false" 
					label="TPL_RESPONSIVEO_SECTION_NAME"
					showon="tpl_responsiveo_onepager:1"
					description="TPL_RESPONSIVEO_SECTION_NAME_DESC" 
				/>
			
				<field name="tpl_responsiveo_top_grid" 
					type="radiogrid" 
					default="12" 
					label="TPL_RESPONSIVEO_GRID"
					description="TPL_RESPONSIVEO_GRID_DESC" 
				/>
				
				<field name="tpl_responsiveo_top_grid12_settings" 
					type="subform" 
					icon="list"
					formsource="templates/responsiveo/field/gridsettings1c.xml" 
					class="advancedSelect" 
					min="1" 
					max="1" 
					multiple="false" 
					layout="joomla.form.field.subform.repeatable-table" 
					groupByFieldset="false" 
					label="TPL_RESPONSIVEO_GRID_SETTINGS"
					showon="tpl_responsiveo_top_grid:12"
					description="TPL_RESPONSIVEO_GRID_SETTINGS" 
				/>
				
				<field name="tpl_responsiveo_top_grid66_settings" 
					type="subform" 
					icon="list"
					formsource="templates/responsiveo/field/gridsettings2c.xml" 
					class="advancedSelect" 
					min="1" 
					max="1" 
					multiple="false" 
					layout="joomla.form.field.subform.repeatable-table" 
					groupByFieldset="false" 
					label="TPL_RESPONSIVEO_GRID_SETTINGS"
					showon="tpl_responsiveo_top_grid:6_6"
					description="TPL_RESPONSIVEO_GRID_SETTINGS" 
				/>
				
				<field name="tpl_responsiveo_top_grid444_settings" 
					type="subform" 
					icon="list"
					formsource="templates/responsiveo/field/gridsettings3c.xml" 
					class="advancedSelect" 
					min="1" 
					max="1" 
					multiple="false" 
					layout="joomla.form.field.subform.repeatable-table" 
					groupByFieldset="false" 
					label="TPL_RESPONSIVEO_GRID_SETTINGS"
					showon="tpl_responsiveo_top_grid:4_4_4"
					description="TPL_RESPONSIVEO_GRID_SETTINGS" 
				/>
				
				<field name="tpl_responsiveo_top_grid3333_settings" 
					type="subform" 
					icon="list"
					formsource="templates/responsiveo/field/gridsettings4c.xml" 
					class="advancedSelect" 
					min="1" 
					max="1" 
					multiple="false" 
					layout="joomla.form.field.subform.repeatable-table" 
					groupByFieldset="false" 
					label="TPL_RESPONSIVEO_GRID_SETTINGS"
					showon="tpl_responsiveo_top_grid:3_3_3_3"
					description="TPL_RESPONSIVEO_GRID_SETTINGS" 
				/>
				
				<field name="tpl_responsiveo_top_grid48_settings" 
					type="subform" 
					icon="list"
					formsource="templates/responsiveo/field/gridsettings2c.xml" 
					class="advancedSelect" 
					min="1" 
					max="1" 
					multiple="false" 
					layout="joomla.form.field.subform.repeatable-table" 
					groupByFieldset="false" 
					label="TPL_RESPONSIVEO_GRID_SETTINGS"
					showon="tpl_responsiveo_top_grid:4_8"
					description="TPL_RESPONSIVEO_GRID_SETTINGS" 
				/>
				
				<field name="tpl_responsiveo_top_grid39_settings" 
					type="subform" 
					icon="list"
					formsource="templates/responsiveo/field/gridsettings2c.xml" 
					class="advancedSelect" 
					min="1" 
					max="1" 
					multiple="false" 
					layout="joomla.form.field.subform.repeatable-table" 
					groupByFieldset="false" 
					label="TPL_RESPONSIVEO_GRID_SETTINGS"
					showon="tpl_responsiveo_top_grid:3_9"
					description="TPL_RESPONSIVEO_GRID_SETTINGS" 
				/>
				
				<field name="tpl_responsiveo_top_grid84_settings" 
					type="subform" 
					icon="list"
					formsource="templates/responsiveo/field/gridsettings2c.xml" 
					class="advancedSelect" 
					min="1" 
					max="1" 
					multiple="false" 
					layout="joomla.form.field.subform.repeatable-table" 
					groupByFieldset="false" 
					label="TPL_RESPONSIVEO_GRID_SETTINGS"
					showon="tpl_responsiveo_top_grid:8_4"
					description="TPL_RESPONSIVEO_GRID_SETTINGS" 
				/>
				
				<field name="tpl_responsiveo_top_grid93_settings" 
					type="subform" 
					icon="list"
					formsource="templates/responsiveo/field/gridsettings2c.xml" 
					class="advancedSelect" 
					min="1" 
					max="1" 
					multiple="false" 
					layout="joomla.form.field.subform.repeatable-table" 
					groupByFieldset="false" 
					label="TPL_RESPONSIVEO_GRID_SETTINGS"
					showon="tpl_responsiveo_top_grid:9_3"
					description="TPL_RESPONSIVEO_GRID_SETTINGS" 
				/>
				
				<field name="tpl_responsiveo_top_grid363_settings" 
					type="subform" 
					icon="list"
					formsource="templates/responsiveo/field/gridsettings3c.xml" 
					class="advancedSelect" 
					min="1" 
					max="1" 
					multiple="false" 
					layout="joomla.form.field.subform.repeatable-table" 
					groupByFieldset="false" 
					label="TPL_RESPONSIVEO_GRID_SETTINGS"
					showon="tpl_responsiveo_top_grid:3_6_3"
					description="TPL_RESPONSIVEO_GRID_SETTINGS" 
				/>
				
				<field name="tpl_responsiveo_top_grid12x_settings" 
					type="subform" 
					icon="list"
					formsource="templates/responsiveo/field/gridsettings1cx.xml" 
					class="advancedSelect" 
					min="1" 
					max="1" 
					multiple="false" 
					layout="joomla.form.field.subform.repeatable-table" 
					groupByFieldset="false" 
					label="TPL_RESPONSIVEO_GRID_SETTINGS"
					showon="tpl_responsiveo_top_grid_expanded:12"
					description="TPL_RESPONSIVEO_GRID_SETTINGS" 
				/>
				
				<field name="tpl_responsiveo_top_grid66x_settings" 
					type="subform" 
					icon="list"
					formsource="templates/responsiveo/field/gridsettings2cx.xml" 
					class="advancedSelect" 
					min="1" 
					max="1" 
					multiple="false" 
					layout="joomla.form.field.subform.repeatable-table" 
					groupByFieldset="false" 
					label="TPL_RESPONSIVEO_GRID_SETTINGS"
					showon="tpl_responsiveo_top_grid_expanded:6_6"
					description="TPL_RESPONSIVEO_GRID_SETTINGS" 
				/>
				
				<field name="tpl_responsiveo_top_grid444x_settings" 
					type="subform" 
					icon="list"
					formsource="templates/responsiveo/field/gridsettings3cx.xml" 
					class="advancedSelect" 
					min="1" 
					max="1" 
					multiple="false" 
					layout="joomla.form.field.subform.repeatable-table" 
					groupByFieldset="false" 
					label="TPL_RESPONSIVEO_GRID_SETTINGS"
					showon="tpl_responsiveo_top_grid_expanded:4_4_4"
					description="TPL_RESPONSIVEO_GRID_SETTINGS" 
				/>
				
				<field name="tpl_responsiveo_top_grid3333x_settings" 
					type="subform" 
					icon="list"
					formsource="templates/responsiveo/field/gridsettings4cx.xml" 
					class="advancedSelect" 
					min="1" 
					max="1" 
					multiple="false" 
					layout="joomla.form.field.subform.repeatable-table" 
					groupByFieldset="false" 
					label="TPL_RESPONSIVEO_GRID_SETTINGS"
					showon="tpl_responsiveo_top_grid_expanded:3_3_3_3"
					description="TPL_RESPONSIVEO_GRID_SETTINGS" 
				/>
				
				<field name="tpl_responsiveo_top_grid48x_settings" 
					type="subform" 
					icon="list"
					formsource="templates/responsiveo/field/gridsettings2cx.xml" 
					class="advancedSelect" 
					min="1" 
					max="1" 
					multiple="false" 
					layout="joomla.form.field.subform.repeatable-table" 
					groupByFieldset="false" 
					label="TPL_RESPONSIVEO_GRID_SETTINGS"
					showon="tpl_responsiveo_top_grid_expanded:4_8"
					description="TPL_RESPONSIVEO_GRID_SETTINGS" 
				/>
				
				<field name="tpl_responsiveo_top_grid39x_settings" 
					type="subform" 
					icon="list"
					formsource="templates/responsiveo/field/gridsettings2cx.xml" 
					class="advancedSelect" 
					min="1" 
					max="1" 
					multiple="false" 
					layout="joomla.form.field.subform.repeatable-table" 
					groupByFieldset="false" 
					label="TPL_RESPONSIVEO_GRID_SETTINGS"
					showon="tpl_responsiveo_top_grid_expanded:3_9"
					description="TPL_RESPONSIVEO_GRID_SETTINGS" 
				/>
				
				<field name="tpl_responsiveo_top_grid84x_settings" 
					type="subform" 
					icon="list"
					formsource="templates/responsiveo/field/gridsettings2cx.xml" 
					class="advancedSelect" 
					min="1" 
					max="1" 
					multiple="false" 
					layout="joomla.form.field.subform.repeatable-table" 
					groupByFieldset="false" 
					label="TPL_RESPONSIVEO_GRID_SETTINGS"
					showon="tpl_responsiveo_top_grid_expanded:8_4"
					description="TPL_RESPONSIVEO_GRID_SETTINGS" 
				/>
				
				<field name="tpl_responsiveo_top_grid93x_settings" 
					type="subform" 
					icon="list"
					formsource="templates/responsiveo/field/gridsettings2cx.xml" 
					class="advancedSelect" 
					min="1" 
					max="1" 
					multiple="false" 
					layout="joomla.form.field.subform.repeatable-table" 
					groupByFieldset="false" 
					label="TPL_RESPONSIVEO_GRID_SETTINGS"
					showon="tpl_responsiveo_top_grid_expanded:9_3"
					description="TPL_RESPONSIVEO_GRID_SETTINGS" 
				/>
				
				<field name="tpl_responsiveo_top_grid363x_settings" 
					type="subform" 
					icon="list"
					formsource="templates/responsiveo/field/gridsettings3cx.xml" 
					class="advancedSelect" 
					min="1" 
					max="1" 
					multiple="false" 
					layout="joomla.form.field.subform.repeatable-table" 
					groupByFieldset="false" 
					label="TPL_RESPONSIVEO_GRID_SETTINGS"
					showon="tpl_responsiveo_top_grid_expanded:3_6_3"
					description="TPL_RESPONSIVEO_GRID_SETTINGS" 
				/>
			
				<field name="tpl_responsiveo_top_height" 
					type="subform" 
					icon="list"
					formsource="templates/responsiveo/field/devicesheight.xml" 
					class="advancedSelect" 
					min="1" 
					max="1" 
					multiple="false" 
					layout="joomla.form.field.subform.repeatable-table" 
					groupByFieldset="false" 
					label="TPL_RESPONSIVEO_HEIGHT"
					description="TPL_RESPONSIVEO_HEIGHT" 
				/>
				
				<field name="tpl_responsiveo_top_bgcolor" 
					type="color" 
					format="rgba"
					default="#EEEEEE"
					opacity="1"
					label="TPL_RESPONSIVEO_BGCOLOR"
					description="TPL_RESPONSIVEO_BGCOLOR"
				/>
				
				<field name="tpl_responsiveo_top_font_color" 
					type="color" 
					default="#000000" 
					label="TPL_RESPONSIVEO_FONT_COLOR" 
					description="TPL_RESPONSIVEO_FONT_COLOR" 
				/>
				
				<field
					name="tpl_responsiveo_top_container"
					type="radio"
					label="TPL_RESPONSIVEO_CONTAINER"
					description="TPL_RESPONSIVEO_CONTAINER"
					class="btn-group"
					default="container"
					>
					<option value="container-fluid">TPL_RESPONSIVEO_CONTAINER_FLUID</option>
					<option value="container">TPL_RESPONSIVEO_CONTAINER_CONTAINER</option>
				</field>
				
			</fieldset>
			
			<fieldset name="CONTENT" label="TPL_RESPONSIVEO_CONTENT">
			
				<field name="tpl_responsiveo_content_section_name" 
					type="subform" 
					icon="list"
					formsource="templates/responsiveo/field/sectionname.xml" 
					class="advancedSelect" 
					min="1" 
					max="50" 
					multiple="true" 
					layout="joomla.form.field.subform.repeatable-table" 
					groupByFieldset="false" 
					label="TPL_RESPONSIVEO_SECTION_NAME"
					showon="tpl_responsiveo_onepager:1"
					description="TPL_RESPONSIVEO_SECTION_NAME_DESC" 
				/>
		
				<field name="tpl_responsiveo_content_grid" 
					type="radiogrid" 
					default="12" 
					label="TPL_RESPONSIVEO_GRID" 
					description="TPL_RESPONSIVEO_GRID_DESC" 
				/>
					
				<field name="tpl_responsiveo_content_grid12_animation" 
					type="subform" 
					icon="list"
					formsource="templates/responsiveo/field/gridanimation1c.xml" 
					class="advancedSelect" 
					min="1" 
					max="1" 
					multiple="false" 
					layout="joomla.form.field.subform.repeatable-table" 
					groupByFieldset="false" 
					label="TPL_RESPONSIVEO_GRID_ANIMATION"
					showon="tpl_responsiveo_content_grid:12"
					description="TPL_RESPONSIVEO_GRID_ANIMATION" 
				/>
				
				<field name="tpl_responsiveo_content_grid66_animation" 
					type="subform" 
					icon="list"
					formsource="templates/responsiveo/field/gridanimation2c.xml" 
					class="advancedSelect" 
					min="1" 
					max="1" 
					multiple="false" 
					layout="joomla.form.field.subform.repeatable-table" 
					groupByFieldset="false" 
					label="TPL_RESPONSIVEO_GRID_ANIMATION"
					showon="tpl_responsiveo_content_grid:6_6"
					description="TPL_RESPONSIVEO_GRID_ANIMATION" 
				/>
				
				<field name="tpl_responsiveo_content_grid444_animation" 
					type="subform" 
					icon="list"
					formsource="templates/responsiveo/field/gridanimation3c.xml" 
					class="advancedSelect" 
					min="1" 
					max="1" 
					multiple="false" 
					layout="joomla.form.field.subform.repeatable-table" 
					groupByFieldset="false" 
					label="TPL_RESPONSIVEO_GRID_ANIMATION"
					showon="tpl_responsiveo_content_grid:4_4_4"
					description="TPL_RESPONSIVEO_GRID_ANIMATION" 
				/>
				
				<field name="tpl_responsiveo_content_grid3333_animation" 
					type="subform" 
					icon="list"
					formsource="templates/responsiveo/field/gridanimation4c.xml" 
					class="advancedSelect" 
					min="1" 
					max="1" 
					multiple="false" 
					layout="joomla.form.field.subform.repeatable-table" 
					groupByFieldset="false" 
					label="TPL_RESPONSIVEO_GRID_ANIMATION"
					showon="tpl_responsiveo_content_grid:3_3_3_3"
					description="TPL_RESPONSIVEO_GRID_ANIMATION" 
				/>
				
				<field name="tpl_responsiveo_content_grid48_animation" 
					type="subform" 
					icon="list"
					formsource="templates/responsiveo/field/gridanimation2c.xml" 
					class="advancedSelect" 
					min="1" 
					max="1" 
					multiple="false" 
					layout="joomla.form.field.subform.repeatable-table" 
					groupByFieldset="false" 
					label="TPL_RESPONSIVEO_GRID_ANIMATION"
					showon="tpl_responsiveo_content_grid:4_8"
					description="TPL_RESPONSIVEO_GRID_ANIMATION" 
				/>
				
				<field name="tpl_responsiveo_content_grid39_animation" 
					type="subform" 
					icon="list"
					formsource="templates/responsiveo/field/gridanimation2c.xml" 
					class="advancedSelect" 
					min="1" 
					max="1" 
					multiple="false" 
					layout="joomla.form.field.subform.repeatable-table" 
					groupByFieldset="false" 
					label="TPL_RESPONSIVEO_GRID_ANIMATION"
					showon="tpl_responsiveo_content_grid:3_9"
					description="TPL_RESPONSIVEO_GRID_ANIMATION" 
				/>
				
				<field name="tpl_responsiveo_content_grid84_animation" 
					type="subform" 
					icon="list"
					formsource="templates/responsiveo/field/gridanimation2c.xml" 
					class="advancedSelect" 
					min="1" 
					max="1" 
					multiple="false" 
					layout="joomla.form.field.subform.repeatable-table" 
					groupByFieldset="false" 
					label="TPL_RESPONSIVEO_GRID_ANIMATION"
					showon="tpl_responsiveo_content_grid:8_4"
					description="TPL_RESPONSIVEO_GRID_ANIMATION" 
				/>
				
				<field name="tpl_responsiveo_content_grid93_animation" 
					type="subform" 
					icon="list"
					formsource="templates/responsiveo/field/gridanimation2c.xml" 
					class="advancedSelect" 
					min="1" 
					max="1" 
					multiple="false" 
					layout="joomla.form.field.subform.repeatable-table" 
					groupByFieldset="false" 
					label="TPL_RESPONSIVEO_GRID_ANIMATION"
					showon="tpl_responsiveo_content_grid:9_3"
					description="TPL_RESPONSIVEO_GRID_ANIMATION" 
				/>
				
				<field name="tpl_responsiveo_content_grid363_animation" 
					type="subform" 
					icon="list"
					formsource="templates/responsiveo/field/gridanimation3c.xml" 
					class="advancedSelect" 
					min="1" 
					max="1" 
					multiple="false" 
					layout="joomla.form.field.subform.repeatable-table" 
					groupByFieldset="false" 
					label="TPL_RESPONSIVEO_GRID_ANIMATION"
					showon="tpl_responsiveo_content_grid:3_6_3"
					description="TPL_RESPONSIVEO_GRID_ANIMATION" 
				/>
						
				<field name="tpl_responsiveo_content_bgcolor" 
					type="color" 
					format="rgba"
					default="#FFFFFF"
					opacity="1"
					label="TPL_RESPONSIVEO_BGCOLOR"
					description="TPL_RESPONSIVEO_BGCOLOR"
				/>
					
				<field
					name="tpl_responsiveo_content_border"
					type="radio"
					label="TPL_RESPONSIVEO_BORDER"
					description="TPL_RESPONSIVEO_BORDER"
					class="btn-group btn-group-yesno"
					default="1"
					>
					<option value="1">JYES</option>
					<option value="0">JNO</option>
				</field>
				
				<field name="tpl_responsiveo_content_border_width" 
					type="subform" 
					icon="list"
					formsource="templates/responsiveo/field/border.xml" 
					class="advancedSelect" 
					min="1" 
					max="1" 
					multiple="false" 
					layout="joomla.form.field.subform.repeatable-table" 
					groupByFieldset="false" 
					label="TPL_RESPONSIVEO_BORDER_WIDTH"
					showon="tpl_responsiveo_content_border:1"
					description="TPL_RESPONSIVEO_BORDER_WIDTH" 
				/>
					
				<field name="tpl_responsiveo_content_border_color" 
					type="color" 
					default="#eeeeee" 
					label="TPL_RESPONSIVEO_BORDER_COLOR" 
					showon="tpl_responsiveo_content_border:1"
					description="TPL_RESPONSIVEO_BORDER_COLOR" 
				/>
						
				<field
					name="tpl_responsiveo_content_container"
					type="radio"
					label="TPL_RESPONSIVEO_CONTAINER"
					description="TPL_RESPONSIVEO_CONTAINER"
					class="btn-group"
					default="container"
					>
					<option value="container-fluid">TPL_RESPONSIVEO_CONTAINER_FLUID</option>
					<option value="container">TPL_RESPONSIVEO_CONTAINER_CONTAINER</option>
				</field>
						
				<field
					name="tpl_responsiveo_content_column_count"
					type="radio"
					label="TPL_RESPONSIVEO_CONTENT_COLUMN_CONT"
					description="TPL_RESPONSIVEO_CONTENT_COLUMN_CONT"
					class="btn-group"
					default="1"
					>
					<option value="1">1</option>
					<option value="2">2</option>
					<option value="3">3</option>
					<option value="4">4</option>
					<option value="5">5</option>
				</field>
						
				<field name="tpl_responsiveo_content_column_rule"
					type="radio"
					default="none"
					class="btn-group"
					label="TPL_RESPONSIVEO_CONTENT_COLUMN_RULE"
					showon="tpl_responsiveo_content_column_count!:1"
					description="TPL_RESPONSIVEO_CONTENT_COLUMN_RULE">
					<option value="none">TPL_RESPONSIVEO_CONTENT_COLUMN_RULE_NONE</option>
					<option value="solid">TPL_RESPONSIVEO_CONTENT_COLUMN_RULE_SOLID</option>
					<option value="dotted">TPL_RESPONSIVEO_CONTENT_COLUMN_RULE_DOTTED</option>
				</field>
						
				<field name="tpl_responsiveo_content_padding" 
					type="subform" 
					icon="list"
					formsource="templates/responsiveo/field/padding.xml" 
					class="advancedSelect" 
					min="1" 
					max="1" 
					multiple="false" 
					layout="joomla.form.field.subform.repeatable-table" 
					groupByFieldset="false" 
					label="TPL_RESPONSIVEO_PADDING"
					description="TPL_RESPONSIVEO_PADDING" 
				/>
							
			</fieldset>
			
			<fieldset name="BOTTOM" label="TPL_RESPONSIVEO_BOTTOM">
			
				<field name="tpl_responsiveo_bottom_section_name" 
					type="subform" 
					icon="list"
					formsource="templates/responsiveo/field/sectionname.xml" 
					class="advancedSelect" 
					min="1" 
					max="50" 
					multiple="true" 
					layout="joomla.form.field.subform.repeatable-table" 
					groupByFieldset="false" 
					label="TPL_RESPONSIVEO_SECTION_NAME"
					showon="tpl_responsiveo_onepager:1"
					description="TPL_RESPONSIVEO_SECTION_NAME_DESC" 
				/>
			
				<field name="tpl_responsiveo_bottom_grid" 
					type="radiogrid" 
					default="12" 
					label="TPL_RESPONSIVEO_GRID"
					description="TPL_RESPONSIVEO_GRID_DESC" 
				/>
			
				<field name="tpl_responsiveo_bottom_height" 
					type="subform" 
					icon="list"
					formsource="templates/responsiveo/field/devicesheight.xml" 
					class="advancedSelect" 
					min="1" 
					max="1" 
					multiple="false" 
					layout="joomla.form.field.subform.repeatable-table" 
					groupByFieldset="false" 
					label="TPL_RESPONSIVEO_HEIGHT"
					description="TPL_RESPONSIVEO_HEIGHT" 
				/>
				
				<field name="tpl_responsiveo_bottom_bgcolor" 
					type="color" 
					format="rgba"
					default="#EEEEEE"
					opacity="1"
					label="TPL_RESPONSIVEO_BGCOLOR"
					description="TPL_RESPONSIVEO_BGCOLOR"
				/>
				
				<field name="tpl_responsiveo_bottom_font_color" 
					type="color" 
					default="#000000" 
					label="TPL_RESPONSIVEO_FONT_COLOR" 
					description="TPL_RESPONSIVEO_FONT_COLOR" 
				/>
				
				<field
					name="tpl_responsiveo_bottom_container"
					type="radio"
					label="TPL_RESPONSIVEO_CONTAINER"
					description="TPL_RESPONSIVEO_CONTAINER"
					class="btn-group"
					default="container"
					>
					<option value="container-fluid">TPL_RESPONSIVEO_CONTAINER_FLUID</option>
					<option value="container">TPL_RESPONSIVEO_CONTAINER_CONTAINER</option>
				</field>
				
			</fieldset>
			
			<fieldset name="FOOTER" label="TPL_RESPONSIVEO_FOOTER">
			
				<field name="tpl_responsiveo_footer_section_name" 
					type="subform" 
					icon="list"
					formsource="templates/responsiveo/field/sectionname.xml" 
					class="advancedSelect" 
					min="1" 
					max="50" 
					multiple="true" 
					layout="joomla.form.field.subform.repeatable-table" 
					groupByFieldset="false" 
					label="TPL_RESPONSIVEO_SECTION_NAME"
					showon="tpl_responsiveo_onepager:1"
					description="TPL_RESPONSIVEO_SECTION_NAME_DESC" 
				/>
		
				<field name="tpl_responsiveo_footer_grid" 
					type="radiogrid" 
					default="12" 
					label="TPL_RESPONSIVEO_GRID" 
					description="TPL_RESPONSIVEO_GRID_DESC" 
				/>
				
				<field name="tpl_responsiveo_footer_grid12_animation" 
					type="subform" 
					icon="list"
					formsource="templates/responsiveo/field/gridanimation1c.xml" 
					class="advancedSelect" 
					min="1" 
					max="1" 
					multiple="false" 
					layout="joomla.form.field.subform.repeatable-table" 
					groupByFieldset="false" 
					label="TPL_RESPONSIVEO_GRID_ANIMATION"
					showon="tpl_responsiveo_footer_grid:12"
					description="TPL_RESPONSIVEO_GRID_ANIMATION" 
				/>
				
				<field name="tpl_responsiveo_footer_grid66_animation" 
					type="subform" 
					icon="list"
					formsource="templates/responsiveo/field/gridanimation2c.xml" 
					class="advancedSelect" 
					min="1" 
					max="1" 
					multiple="false" 
					layout="joomla.form.field.subform.repeatable-table" 
					groupByFieldset="false" 
					label="TPL_RESPONSIVEO_GRID_ANIMATION"
					showon="tpl_responsiveo_footer_grid:6_6"
					description="TPL_RESPONSIVEO_GRID_ANIMATION" 
				/>
				
				<field name="tpl_responsiveo_footer_grid444_animation" 
					type="subform" 
					icon="list"
					formsource="templates/responsiveo/field/gridanimation3c.xml" 
					class="advancedSelect" 
					min="1" 
					max="1" 
					multiple="false" 
					layout="joomla.form.field.subform.repeatable-table" 
					groupByFieldset="false" 
					label="TPL_RESPONSIVEO_GRID_ANIMATION"
					showon="tpl_responsiveo_footer_grid:4_4_4"
					description="TPL_RESPONSIVEO_GRID_ANIMATION" 
				/>
				
				<field name="tpl_responsiveo_footer_grid3333_animation" 
					type="subform" 
					icon="list"
					formsource="templates/responsiveo/field/gridanimation4c.xml" 
					class="advancedSelect" 
					min="1" 
					max="1" 
					multiple="false" 
					layout="joomla.form.field.subform.repeatable-table" 
					groupByFieldset="false" 
					label="TPL_RESPONSIVEO_GRID_ANIMATION"
					showon="tpl_responsiveo_footer_grid:3_3_3_3"
					description="TPL_RESPONSIVEO_GRID_ANIMATION" 
				/>
				
				<field name="tpl_responsiveo_footer_grid48_animation" 
					type="subform" 
					icon="list"
					formsource="templates/responsiveo/field/gridanimation2c.xml" 
					class="advancedSelect" 
					min="1" 
					max="1" 
					multiple="false" 
					layout="joomla.form.field.subform.repeatable-table" 
					groupByFieldset="false" 
					label="TPL_RESPONSIVEO_GRID_ANIMATION"
					showon="tpl_responsiveo_footer_grid:4_8"
					description="TPL_RESPONSIVEO_GRID_ANIMATION" 
				/>
				
				<field name="tpl_responsiveo_footer_grid39_animation" 
					type="subform" 
					icon="list"
					formsource="templates/responsiveo/field/gridanimation2c.xml" 
					class="advancedSelect" 
					min="1" 
					max="1" 
					multiple="false" 
					layout="joomla.form.field.subform.repeatable-table" 
					groupByFieldset="false" 
					label="TPL_RESPONSIVEO_GRID_ANIMATION"
					showon="tpl_responsiveo_footer_grid:3_9"
					description="TPL_RESPONSIVEO_GRID_ANIMATION" 
				/>
				
				<field name="tpl_responsiveo_footer_grid84_animation" 
					type="subform" 
					icon="list"
					formsource="templates/responsiveo/field/gridanimation2c.xml" 
					class="advancedSelect" 
					min="1" 
					max="1" 
					multiple="false" 
					layout="joomla.form.field.subform.repeatable-table" 
					groupByFieldset="false" 
					label="TPL_RESPONSIVEO_GRID_ANIMATION"
					showon="tpl_responsiveo_footer_grid:8_4"
					description="TPL_RESPONSIVEO_GRID_ANIMATION" 
				/>
				
				<field name="tpl_responsiveo_footer_grid93_animation" 
					type="subform" 
					icon="list"
					formsource="templates/responsiveo/field/gridanimation2c.xml" 
					class="advancedSelect" 
					min="1" 
					max="1" 
					multiple="false" 
					layout="joomla.form.field.subform.repeatable-table" 
					groupByFieldset="false" 
					label="TPL_RESPONSIVEO_GRID_ANIMATION"
					showon="tpl_responsiveo_footer_grid:9_3"
					description="TPL_RESPONSIVEO_GRID_ANIMATION" 
				/>
				
				<field name="tpl_responsiveo_footer_grid363_animation" 
					type="subform" 
					icon="list"
					formsource="templates/responsiveo/field/gridanimation3c.xml" 
					class="advancedSelect" 
					min="1" 
					max="1" 
					multiple="false" 
					layout="joomla.form.field.subform.repeatable-table" 
					groupByFieldset="false" 
					label="TPL_RESPONSIVEO_GRID_ANIMATION"
					showon="tpl_responsiveo_footer_grid:3_6_3"
					description="TPL_RESPONSIVEO_GRID_ANIMATION" 
				/>
					
				<field name="tpl_responsiveo_footer_height" 
					type="subform" 
					icon="list"
					formsource="templates/responsiveo/field/devicesheight.xml" 
					class="advancedSelect" 
					min="1" 
					max="1" 
					multiple="false" 
					layout="joomla.form.field.subform.repeatable-table" 
					groupByFieldset="false" 
					label="TPL_RESPONSIVEO_HEIGHT"
					description="TPL_RESPONSIVEO_HEIGHT" 
				/>
						
				<field name="tpl_responsiveo_footer_bgcolor" 
					type="color" 
					format="rgba"
					default="#524d91"
					opacity="1"
					label="TPL_RESPONSIVEO_BGCOLOR"
					description="TPL_RESPONSIVEO_BGCOLOR"
				/>
				
				<field name="tpl_responsiveo_footer_font_color" 
					type="color" 
					default="#ffffff" 
					label="TPL_RESPONSIVEO_FONT_COLOR" 
					description="TPL_RESPONSIVEO_FONT_COLOR" 
				/>
				
				<field name="tpl_responsiveo_footer_bgmedia"
					type="radio"
					default="none"
					class="btn-group"
					label="TPL_RESPONSIVEO_BGMEDIA"
					description="TPL_RESPONSIVEO_BGMEDIA_DESC">
					<option value="none">TPL_RESPONSIVEO_BGMEDIA_NONE</option>
					<option value="image">TPL_RESPONSIVEO_BGMEDIA_IMAGE</option>
					<option value="youtube">TPL_RESPONSIVEO_BGMEDIA_VIDEO</option>
				</field>
				
				<field name="tpl_responsiveo_footer_bgmedia_image" 
					type="media" 
					default="" 
					label="TPL_RESPONSIVEO_BGMEDIA_IMAGE"
					showon="tpl_responsiveo_footer_bgmedia:image" 
					description="TPL_RESPONSIVEO_BGMEDIA_IMAGE_DESC" 
					size="30" 
				/>
				
				<field name="tpl_responsiveo_footer_bgmedia_image_repeat"
					type="radio"
					default="no-repeat"
					class="btn-group"
					label="TPL_RESPONSIVEO_BGMEDIA_REPEAT"
					showon="tpl_responsiveo_footer_bgmedia:image"
					description="TPL_RESPONSIVEO_BGMEDIA_REPEAT">
					<option value="no-repeat">TPL_RESPONSIVEO_BGMEDIA_IMAGE_NOREPEAT</option>
					<option value="repeat">TPL_RESPONSIVEO_BGMEDIA_IMAGE_REPEAT</option>
					<option value="repeat-x">TPL_RESPONSIVEO_BGMEDIA_IMAGE_REPEATX</option>
					<option value="repeat-y">TPL_RESPONSIVEO_BGMEDIA_IMAGE_REPEATY</option>
				</field>
				
				<field name="tpl_responsiveo_footer_bgmedia_image_size"
					type="radio"
					default="auto"
					class="btn-group"
					label="TPL_RESPONSIVEO_BGMEDIA_IMAGE_SIZE"
					showon="tpl_responsiveo_footer_bgmedia:image"
					description="TPL_RESPONSIVEO_BGMEDIA_IMAGE_SIZE">
					<option value="auto">TPL_RESPONSIVEO_BGMEDIA_IMAGE_AUTO</option>
					<option value="cover">TPL_RESPONSIVEO_BGMEDIA_IMAGE_COVER</option>
					<option value="contain">TPL_RESPONSIVEO_BGMEDIA_IMAGE_CONTAIN</option>
				</field>
					
				<field
					name="tpl_responsiveo_footer_border"
					type="radio"
					label="TPL_RESPONSIVEO_BORDER"
					description="TPL_RESPONSIVEO_BORDER"
					class="btn-group btn-group-yesno"
					default="1"
					>
					<option value="1">JYES</option>
					<option value="0">JNO</option>
				</field>
					
				<field name="tpl_responsiveo_footer_border_width" 
					type="textpx" 
					default="1" 
					label="TPL_RESPONSIVEO_BORDER_WIDTH"
					showon="tpl_responsiveo_footer_border:1"
					description="TPL_RESPONSIVEO_BORDER_WIDTH" 
				/>
					
				<field name="tpl_responsiveo_footer_border_color" 
					type="color" 
					default="#eeeeee" 
					label="TPL_RESPONSIVEO_BORDER_COLOR" 
					showon="tpl_responsiveo_footer_border:1"
					description="TPL_RESPONSIVEO_BORDER_COLOR" 
				/>
						
				<field
					name="tpl_responsiveo_footer_container"
					type="radio"
					label="TPL_RESPONSIVEO_CONTAINER"
					description="TPL_RESPONSIVEO_CONTAINER"
					class="btn-group"
					default="container"
					>
					<option value="container-fluid">TPL_RESPONSIVEO_CONTAINER_FLUID</option>
					<option value="container">TPL_RESPONSIVEO_CONTAINER_CONTAINER</option>
				</field>
				
				<field name="tpl_responsiveo_footer_padding" 
					type="subform" 
					icon="list"
					formsource="templates/responsiveo/field/padding.xml" 
					class="advancedSelect" 
					min="1" 
					max="1" 
					multiple="false" 
					layout="joomla.form.field.subform.repeatable-table" 
					groupByFieldset="false" 
					label="TPL_RESPONSIVEO_PADDING"
					description="TPL_RESPONSIVEO_PADDING" 
				/>
					
				<field
					name="tpl_responsiveo_footer_show_copyright"
					type="radio"
					label="TPL_RESPONSIVEO_FOOTER_SHOW_COPYRIGHT"
					description="TPL_RESPONSIVEO_FOOTER_SHOW_COPYRIGHT"
					class="btn-group btn-group-yesno"
					default="1"
					>
					<option value="1">JYES</option>
					<option value="0">JNO</option>
				</field>
						
				<field name="tpl_responsiveo_footer_copyright"
                	type="text"
                	class="input-xxlarge"
					showon="tpl_responsiveo_footer_show_copyright:1"
					default="© 2018 Joomega.com All Rights Reserved. Designed By Otto Szekeres"
					label="TPL_RESPONSIVEO_FOOTER_COPYRIGHT"
					description="TPL_RESPONSIVEO_FOOTER_COPYRIGHT"
               		filter="string"
                />
                
                <field name="tpl_responsiveo_footer_copyright_url"
                	type="url"
                	class="input-xxlarge"
					showon="tpl_responsiveo_footer_show_copyright:1"
					default="https://joomega.com"
					label="TPL_RESPONSIVEO_FOOTER_COPYRIGHT_URL"
					description="TPL_RESPONSIVEO_FOOTER_COPYRIGHT_URL"
               		filter="string"
                />
							
			</fieldset>
			
			<fieldset name="MEHR" label="TPL_RESPONSIVEO_MORE">
                
                <field
					name="tpl_responsiveo_use_hover_css"
					type="radio"
					label="TPL_RESPONSIVEO_USE_HOVER_CSS"
					description="TPL_RESPONSIVEO_USE_HOVER_CSS"
					class="btn-group btn-group-yesno"
					default="0"
					>
					<option value="1">JYES</option>
					<option value="0">JNO</option>
				</field>
						
				<field name="tpl_responsiveo_custom_css" 
					type="textarea"
					class="input-xxlarge" 
					default="" 
					label="TPL_RESPONSIVEO_CUSTOM_CSS" 
					description="TPL_RESPONSIVEO_CUSTOM_CSS" 
					rows="10" 
					cols="5" 
				/>
						
				<field name="tpl_responsiveo_google_analytics" 
					type="textarea"
					class="input-xxlarge" 
					default="" 
					label="TPL_RESPONSIVEO_GOOGLE_ANALYTICS" 
					description="TPL_RESPONSIVEO_GOOGLE_ANALYTICS" 
					rows="10" 
					cols="5" 
				/>
							
			</fieldset>
			
			<fieldset name="EXIMPORT" label="TPL_RESPONSIVEO_EXIMPORT">
                
				<field
					name="title"
					type="sql"
					default=""
					label="TPL_RESPONSIVEO_EXIMPORT"
					description="TPL_RESPONSIVEO_EXIMPORT"
					query="SELECT name FROM #__extensions WHERE name = 'responsiveO'"
					key_field="name"
				/>
								
				<field 
					name="tpl_responsiveo_export" 
					type="modalexport" 
					layout="modal"
					class="btn-group"
					label="TPL_RESPONSIVEO_MODAL_EXPORT" 
					description="TPL_RESPONSIVEO_MODAL_EXPORT_DESC"
				/>
									
			</fieldset>
		</fields>
	</config>
	<updateservers>
    	<server type="extension" priority="1" name="JMG Responsiveo's Updates">http://update.joomega.com/tpl_jmg_responsiveo/extension.xml</server>
 	</updateservers>  
</extension>