<?xml version="1.0" encoding="UTF-8"?>
<form>
	<fieldset name="box_modal" class="box-subform">
		<field name="tpl_responsiveo_grid_a" 
	  		type="list" 
	  		default="logo" 
	  		required="false" 
	  		label="TPL_RESPONSIVEO_GRID_AREA_A" 
	  		description="TPL_RESPONSIVEO_GRID_AREA_A_DESC">
	  		<option value="none">none</option>
	  		<option value="custom">custom</option>
	  		<option value="banner">banner</option>
		  	<option value="logo">logo</option>
		  	<option value="mainmenu">mainmenu</option>
		  	<option value="language">language</option>
		  	<option value="phone">phone</option>
		  	<option value="onepager">onepager menu</option>
		</field>
		
		<field name="tpl_responsiveo_grid_b" 
	  		type="list" 
	  		default="mainmenu" 
	  		required="false" 
	  		label="TPL_RESPONSIVEO_GRID_AREA_B" 
	  		description="TPL_RESPONSIVEO_GRID_AREA_B_DESC">
	  		<option value="none">none</option>
	  		<option value="custom">custom</option>
	  		<option value="banner">banner</option>
		  	<option value="logo">logo</option>
		  	<option value="mainmenu">mainmenu</option>
		  	<option value="language">language</option>
		  	<option value="phone">phone</option>
		  	<option value="onepager">onepager menu</option>
		</field>
		
		<field name="tpl_responsiveo_grid_c" 
	  		type="list" 
	  		default="language" 
	  		required="false" 
	  		label="TPL_RESPONSIVEO_GRID_AREA_C" 
	  		description="TPL_RESPONSIVEO_GRID_AREA_C_DESC">
	  		<option value="none">none</option>
	  		<option value="custom">custom</option>
	  		<option value="banner">banner</option>
		  	<option value="logo">logo</option>
		  	<option value="mainmenu">mainmenu</option>
		  	<option value="language">language</option>
		  	<option value="phone">phone</option>
		  	<option value="onepager">onepager menu</option>
		</field>
		
		<field name="tpl_responsiveo_grid_x" 
	  		type="list" 
	  		default="mainmenu" 
	  		required="false" 
	  		label="TPL_RESPONSIVEO_GRID_AREA_X" 
	  		description="TPL_RESPONSIVEO_GRID_AREA_X_DESC">
	  		<option value="none">none</option>
	  		<option value="custom">custom</option>
	  		<option value="banner">banner</option>
		  	<option value="logo">logo</option>
		  	<option value="mainmenu">mainmenu</option>
		  	<option value="language">language</option>
		  	<option value="phone">phone</option>
		  	<option value="onepager">onepager menu</option>
		</field>	
	</fieldset>
</form>
