<?xml version="1.0" encoding="UTF-8"?>
<form>
	<fieldset name="box_modal" class="box-subform">
		<field name="tpl_responsiveo_grid_a" 
	  		type="list" 
	  		default="none" 
	  		required="false" 
	  		label="TPL_RESPONSIVEO_GRID_AREA_A" 
	  		description="TPL_RESPONSIVEO_GRID_AREA_A_DESC">
		  	<option value="none">none</option>
		  	<option value="responsiveoFadeIn responsiveoAnimated in-view">fadeIn</option>
		  	<option value="responsiveoSlideInDown responsiveoAnimated in-view">slideInDown</option>
		  	<option value="responsiveoSlideInLeft responsiveoAnimated in-view">slideInLeft</option>
		  	<option value="responsiveoSlideInRight responsiveoAnimated in-view">slideInRight</option>
		  	<option value="responsiveoFlipInX responsiveoAnimated in-view">flipInX</option>
		</field>
		
		<field name="tpl_responsiveo_grid_b" 
	  		type="list" 
	  		default="none" 
	  		required="false" 
	  		label="TPL_RESPONSIVEO_GRID_AREA_B" 
	  		description="TPL_RESPONSIVEO_GRID_AREA_B_DESC">
		  	<option value="none">none</option>
		  	<option value="responsiveoFadeIn responsiveoAnimated in-view">fadeIn</option>
		  	<option value="responsiveoSlideInDown responsiveoAnimated in-view">slideInDown</option>
		  	<option value="responsiveoSlideInLeft responsiveoAnimated in-view">slideInLeft</option>
		  	<option value="responsiveoSlideInRight responsiveoAnimated in-view">slideInRight</option>
		  	<option value="responsiveoFlipInX responsiveoAnimated in-view">flipInX</option>
		</field>
		
		<field name="tpl_responsiveo_grid_c" 
	  		type="list" 
	  		default="none" 
	  		required="false" 
	  		label="TPL_RESPONSIVEO_GRID_AREA_C" 
	  		description="TPL_RESPONSIVEO_GRID_AREA_C_DESC">
		  	<option value="none">none</option>
		  	<option value="responsiveoFadeIn responsiveoAnimated in-view">fadeIn</option>
		  	<option value="responsiveoSlideInDown responsiveoAnimated in-view">slideInDown</option>
		  	<option value="responsiveoSlideInLeft responsiveoAnimated in-view">slideInLeft</option>
		  	<option value="responsiveoSlideInRight responsiveoAnimated in-view">slideInRight</option>
		  	<option value="responsiveoFlipInX responsiveoAnimated in-view">flipInX</option>
		</field>
		
		<field name="tpl_responsiveo_grid_d" 
	  		type="list" 
	  		default="none" 
	  		required="false" 
	  		label="TPL_RESPONSIVEO_GRID_AREA_D" 
	  		description="TPL_RESPONSIVEO_GRID_AREA_D_DESC">
		  	<option value="none">none</option>
		  	<option value="responsiveoFadeIn responsiveoAnimated in-view">fadeIn</option>
		  	<option value="responsiveoSlideInDown responsiveoAnimated in-view">slideInDown</option>
		  	<option value="responsiveoSlideInLeft responsiveoAnimated in-view">slideInLeft</option>
		  	<option value="responsiveoSlideInRight responsiveoAnimated in-view">slideInRight</option>
		  	<option value="responsiveoFlipInX responsiveoAnimated in-view">flipInX</option>
		</field>
		
		<field name="tpl_responsiveo_grid_x" 
	  		type="list" 
	  		default="none" 
	  		required="false" 
	  		label="TPL_RESPONSIVEO_GRID_AREA_X" 
	  		description="TPL_RESPONSIVEO_GRID_AREA_X_DESC">
		  	<option value="none">none</option>
		  	<option value="responsiveoFadeIn responsiveoAnimated in-view">fadeIn</option>
		  	<option value="responsiveoSlideInDown responsiveoAnimated in-view">slideInDown</option>
		  	<option value="responsiveoSlideInLeft responsiveoAnimated in-view">slideInLeft</option>
		  	<option value="responsiveoSlideInRight responsiveoAnimated in-view">slideInRight</option>
		  	<option value="responsiveoFlipInX responsiveoAnimated in-view">flipInX</option>
		</field>	
	</fieldset>
</form>
