<?xml version="1.0" encoding="UTF-8"?>
<form>
	<fieldset name="box_modal" class="box-subform">
		<field
			name="tpl_responsiveo_section_menu_active"
			type="radio"
			label="TPL_RESPONSIVEO_SECTION_MENU_ACTIVE"
			description="TPL_RESPONSIVEO_SECTION_MENU_ACTIVE_DESC"
			class="btn-group btn-group-yesno"
			default="1"
			>
			<option value="1">JYES</option>
			<option value="0">JNO</option>
		</field>
		<field name="tpl_responsiveo_site_language" 
			 type="language" 
			 client="site" 
			 default="en-GB" 
			 label="TPL_RESPONSIVEO_SITE_LANGUAGE" 
			 description="TPL_RESPONSIVEO_SITE_LANGUAGE_DESC" 
		/>
		<field name="tpl_responsiveo_section_name" 
			type="text" 
			default="" 
			label="TPL_RESPONSIVEO_SECTION_NAME" 
			description="TPL_RESPONSIVEO_SECTION_NAME_DESC" 
		/>
	</fieldset>
</form>
